Eigenstate,Residual Energy_10000
1,-0.036844929114497654090443986857623289
2,-0.02865983037837752977530141008339903
3,-0.01989329909905537660850843921622720
4,-0.01437970027840678741002630385477305
5,-0.0108739851159334893763708149260097
6,-0.0085334096187468500471923106010407
7,-0.0068962894986633664485153242706613
8,-0.0057053747866506221085960261367352
9,-0.0048105058193960763284507798466515
10,-0.0041197834973122189851035420495002
11,-0.0035745216178296267907455498087478
12,-0.0031358306849855672156280832365687
13,-0.0027771018657370070775960100942092
14,-0.0024796170562874601264997720075564
15,-0.0022298869977987429812871096724533
16,-0.002017982588600026878586629950738
17,-0.001836457454690645185538390488907
18,-0.001679633764692097815458960233050
19,-0.001543117594130438441218354547069
20,-0.001423463073348803264209877095486
21,-0.001317935195840354319753058362975
22,-0.001224339412896790449496156379643
23,-0.001140897291970520672889156368106
24,-0.001066154492119283685464013936322
25,-0.000998911768234638871287109292826
26,-0.000938172621485746253861692447109
27,-0.000883103141639776525418334523833
28,-0.000833000887890948004391567697836
29,-0.000787270546146081268949917916633
30,-0.000745404720099725148187657969851
31,-0.000706968649560648819242715697922
32,-0.000671587960375968539620604444639
33,-0.000638938774457494736309674643537
34,-0.000608739671781239360113958716989
35,-0.000580745116492433556036615112126
36,-0.000554740048616808191445392778587
37,-0.000530535409880331638693989442372
38,-0.000507964422794558340388803003185
39,-0.000486879480763114521266567664674
40,-0.000467149536596886907261052052985
41,-0.000448657899735202525107133921635
42,-0.000431300370300929448847166126544
43,-0.000414983652084127911478362131578
44,-0.000399623997554948085457322971104
45,-0.000385146046729312415480982537656
46,-0.000371481828662256795983487700285
47,-0.000358569899912767985903935897093
48,-0.000346354598807031662923089373510
49,-0.000334785397954009354186839596529
50,-0.00032381634041447445245608504012
51,-0.00031340554733010313538084063302
52,-0.00030351478679114495314672284461
53,-0.00029410909534367681440333166085
54,-0.00028515644487785402371380564944
55,-0.00027662744875017290012902848811
56,-0.00026849510191764171601089234748
57,-0.00026073455063423831839536239043
58,-0.00025332288790674800415760417539
59,-0.00024623897145148273142796487453
60,-0.00023946326135139240953436851319
61,-0.00023297767500101952646312385044
62,-0.00022676545725536245120993354911
63,-0.00022081106397846056778529436026
64,-0.00021510005742580014086436514538
65,-0.00020961901209822154702450967833
66,-0.00020435542987998677857871809044
67,-0.00019929766342343600487699795551
68,-0.00019443484687193647782694297587
69,-0.00018975683312416805591525843318
70,-0.00018525413693967627048494051518
71,-0.00018091788326853729502715957830
72,-0.00017673976026134745436169262066
73,-0.00017271197647829593359755404112
74,-0.00016882722187172902983181202567
75,-0.00016507863216439463530199489482
76,-0.00016145975628809364479897736256
77,-0.00015796452658410081887802593537
78,-0.00015458723149942675302586930770
79,-0.00015132249054151652370823646955
80,-0.00014816523127930527048309017612
81,-0.00014511066820056041802238668281
82,-0.00014215428325538529773308865812
83,-0.00013929180793307889074349650306
84,-0.00013651920673500615064677667958
85,-0.00013383266191987462780304541097
86,-0.00013122855941016283685639857374
87,-0.00012870347575908221360004939226
88,-0.00012625416608743443477613063043
89,-0.00012387755290827336312943837938
90,-0.00012157071576505890342748910665
91,-0.00011933088161592361777635345675
92,-0.00011715541590299456058019243925
93,-0.00011504181425120346665135939500
94,-0.00011298769474613614121378464797
95,-0.00011099079074491392985142951059
96,-0.00010904894417834242803457360913
97,-0.00010716009930595375597715419117
98,-0.00010532229688929322383948884396
99,-0.00010353366875136174513260803043
100,-0.00010179243269324274243319125478
101,-0.00010009688774111588992699286687
102,-0.00009844540969923792009705123698
103,-0.00009683644698653160882245431054
104,-0.00009526851673601484307336653381
105,-0.00009374020113836354430285861718
106,-0.00009225014401208501920127831050
107,-0.00009079704758433160476316555705
108,-0.00008937966946766492681076570355
109,-0.00008799681981908622940257950182
110,-0.00008664735866891695161138108247
111,-0.00008533019340788980478250252207
112,-0.00008404427642178800582558245986
113,-0.00008278860286379170037143581380
114,-0.00008156220855534974564435540186
115,-0.00008036416800714875318153832334
116,-0.00007919359255234192991759552508
117,-0.00007804962858480114415482101730
118,-0.00007693145589559794991845074157
119,-0.00007583828610155404253075657354
120,-0.00007476936115997469827525641615
121,-0.00007372395196421808100388303503
122,-0.00007270135701507068220435182310
123,-0.00007170090116326475317535678896
124,-0.00007072193441880928437869880816
125,-0.00006976383082304828424134059946
126,-0.00006882598737971656890828561387
127,-0.00006790782304145735893591163088
128,-0.00006700877774850250876701793782
129,-0.00006612831151648828438773755792
130,-0.00006526590357052333329650883207
131,-0.00006442105152283116015201039206
132,-0.00006359327059142578405223806641
133,-0.00006278209285761729917531447684
134,-0.00006198706655997648185163763842
135,-0.00006120775542279420652962245684
136,-0.00006044373801718285786528320677
137,-0.00005969460715286447403829764049
138,-0.00005895996929907075589644417143
139,-0.00005823944403294031897993023803
140,-0.00005753266351386727965933226805
141,-0.00005683927198252142964035766090
142,-0.00005615892528310847759128018679
143,-0.00005549129040768515749947246338
144,-0.00005483604506137142929989326325
145,-0.00005419287724737723481915179549
146,-0.00005356148487076259087309832714
147,-0.00005294157536000652958433524208
148,-0.00005233286530549126099193624769
149,-0.00005173508011394680624357107908
150,-0.00005114795367820708979174563132
151,-0.00005057122806130886574702294246
152,-0.00005000465319439458447899196663
153,-0.00004944798658762053515342209423
154,-0.00004890099305349430900431318922
155,-0.00004836344444200710920568436946
156,-0.00004783511938693845260441470908
157,-0.00004731580306291477308650836357
158,-0.00004680528695256835501467177854
159,-0.0000463033686234208604914215501
160,-0.0000458098515139542841004956701
161,-0.0000453245447284849603202086404
162,-0.0000448472628403852949453838308
163,-0.0000443778257033355616524330795
164,-0.0000439160582701471989690101308
165,-0.0000434617904188348458519100858
166,-0.0000430148567856658408552248344
167,-0.0000425750966048018792121068380
168,-0.0000421423535542207960017794735
169,-0.0000417164756077365400884229324
170,-0.0000412973148927114153104096994
171,-0.0000408847275533185408618611237
172,-0.0000404785736190370122697184092
173,-0.0000400787168782021024735489314
174,-0.0000396850247563492702252362537
175,-0.0000392973681991612709978796126
176,-0.0000389156215598149191492286355
177,-0.0000385396624905459710646080655
178,-0.0000381693718382442188459437858
179,-0.0000378046335439182553287740177
180,-0.0000374453345458380501656966858
181,-0.0000370913646862362465602858443
182,-0.0000367426166214088369149115631
183,-0.0000363989857350530499482570582
184,-0.0000360603700547396565742741475
185,-0.0000357266701713470410007527246
186,-0.0000353977891614086659461667139
187,-0.0000350736325121757627903820017
188,-0.0000347541080493362171167300705
189,-0.0000344391258672608901740497653
190,-0.0000341285982616823922231272641
191,-0.0000338224396647159555094542427
192,-0.0000335205665821115197890710387
193,-0.0000332228975326713568819862512
194,-0.0000329293529897240790476474031
195,-0.0000326398553246032374684823955
196,-0.0000323543287520278500246501279
197,-0.0000320726992773139979645759035
198,-0.0000317948946453811678744185271
199,-0.0000315208442914146990021485301
200,-0.0000312504792931909871091990888
201,-0.0000309837323249961886769280963
202,-0.0000307205376129939055806691762
203,-0.0000304608308921154852036520780
204,-0.0000302045493643016132421475157
205,-0.0000299516316581429830613445966
206,-0.0000297020177897753257171274467
207,-0.0000294556491250587496895313962
208,-0.0000292124683429456034844381596
209,-0.0000289724194000158029851499903
210,-0.0000287354474961275630211326525
211,-0.0000285014990411555937561023444
212,-0.0000282705216227815412741730743
213,-0.0000280424639752501119591588363
214,-0.0000278172759491348408867264518
215,-0.0000275949084820132540208274207
216,-0.0000273753135700437860211421611
217,-0.0000271584442404191349927375371
218,-0.0000269442545246638758792536762
219,-0.0000267326994327218994342003069
220,-0.0000265237349278419261824575501
221,-0.0000263173179022131502370284461
222,-0.0000261134061533189624051808491
223,-0.0000259119583610109393680927843
224,-0.0000257129340652634525644078317
225,-0.0000255162936445556366350974656
226,-0.0000253219982949188904307574710
227,-0.0000251300100095897262547147613
228,-0.0000249402915592458294001419110
229,-0.0000247528064728254044512806643
230,-0.0000245675190188925180209437328
231,-0.0000243843941875472368808367997
232,-0.0000242033976728423639389680817
233,-0.0000240244958557147366495800081
234,-0.0000238476557873775144174861050
235,-0.0000236728451732077715215791094
236,-0.0000235000323570861299194596059
237,-0.0000233291863061444284813852215
238,-0.0000231602765959784882156609897
239,-0.0000229932733962545705926408895
240,-0.0000228281474567017944697990361
241,-0.0000226648700935005090921020817
242,-0.0000225034131760715774347177423
243,-0.0000223437491141695336371759812
244,-0.0000221858508453794515967888067
245,-0.0000220296918229357619669419084
246,-0.0000218752460038477453503678763
247,-0.0000217224878373803798205897186
248,-0.0000215713922538198324094514751
249,-0.0000214219346535485530359981304
250,-0.0000212740908964165786817847584
251,-0.0000211278372913639796942746842
252,-0.0000209831505863574398573359383
253,-0.0000208400079585759223505329479
254,-0.0000206983870048315613948608217
255,-0.0000205582657322800733775116582
256,-0.0000204196225493359284499359904
257,-0.0000202824362568385354219419387
258,-0.0000201466860394492832049310403
259,-0.0000200123514572711964266949383
260,-0.0000198794124376631189352007064
261,-0.0000197478492672929859651400070
262,-0.0000196176425843543981093675322
263,-0.0000194887733710237858184170894
264,-0.0000193612229460721729598031785
265,-0.0000192349729576765722866792229
266,-0.0000191100053764096468102478347
267,-0.0000189863024884136030281402783
268,-0.0000188638468887253202012932155
269,-0.0000187426214747748462076291843
270,-0.0000186226094400425122783393264
271,-0.0000185037942678893079809201493
272,-0.0000183861597255022964376333147
273,-0.0000182696898580225004164879725
274,-0.0000181543689827860811942084515
275,-0.0000180401816837376704866797081
276,-0.0000179271128059501745535587583
277,-0.0000178151474502775821335796072
278,-0.0000177042709681618098043002827
279,-0.0000175944689565346785784697472
280,-0.0000174857272528547438114544856
281,-0.0000173780319302576080302671826
282,-0.0000172713692928201949029385139
283,-0.0000171657258709450534184423279
284,-0.0000170610884168472931089222177
285,-0.0000169574439001315110036601353
286,-0.0000168547795035002690724389364
287,-0.0000167530826185413997419697849
288,-0.0000166523408416162782819969113
289,-0.0000165525419698499557297578590
290,-0.0000164536739972058669448405268
291,-0.0000163557251106585306073091085
292,-0.0000162586836864402400128113756
293,-0.0000161625382863897066278524873
294,-0.0000160672776543592151865734825
295,-0.0000159728907127388289236190477
296,-0.0000158793665590219281363222057
297,-0.0000157866944624672821234824150
298,-0.0000156948638608387985526575513
299,-0.0000156038643572016210115622827
300,-0.0000155136857168120452197763089
301,-0.0000154243178640474502567326351
302,-0.0000153357508794289989164318904
303,-0.0000152479749967031175581408383
304,-0.0000151609805999803554421873876
305,-0.0000150747582209335630707977123
306,-0.0000149892985360769721676819899
307,-0.0000149045923640833435484436278
308,-0.0000148206306631705796914535749
309,-0.0000147374045285348244768050798
310,-0.0000146549051898525179053413663
311,-0.0000145731240088326125011846456
312,-0.0000144920524768025493472351663
313,-0.0000144116822123656903520455234
314,-0.0000143320049591139903536516637
315,-0.0000142530125833610488507827505
316,-0.0000141746970719503452567692369
317,-0.0000140970505300967829092808228
318,-0.0000140200651792744591849059711
319,-0.0000139437333551482191916732707
320,-0.0000138680475055477387081765589
321,-0.0000137930001884989221014596424
322,-0.0000137185840702644724677161395
323,-0.0000136447919234557038808546826
324,-0.0000135716166251656289922254646
325,-0.0000134990511551493974868321925
326,-0.0000134270885940268104631916862
327,-0.0000133557221215470433297675741
328,-0.0000132849450148655027423809900
329,-0.0000132147506468645107382051468
330,-0.0000131451324845100487118870391
331,-0.0000130760840872364314658660617
332,-0.0000130075991053705231985674740
333,-0.0000129396712785745729798977707
334,-0.0000128722944343356153955649662
335,-0.0000128054624864778529114595479
336,-0.0000127391694337062744112606624
337,-0.0000126734093581701710876822685
338,-0.0000126081764240605514224418500
339,-0.0000125434648762432546480926429
340,-0.0000124792690389158245855012782
341,-0.0000124155833142832620475608565
342,-0.0000123524021812588028503824353
343,-0.0000122897201941943442465987692
344,-0.0000122275319816468354429131256
345,-0.0000121658322451493735891848759
346,-0.0000121046157580089590622609140
347,-0.0000120438773641416797488914225
348,-0.0000119836119769151281217425243
349,-0.0000119238145780292547517407766
350,-0.0000118644802163900668333841985
351,-0.0000118056040070342534507473110
352,-0.0000117471811300647848061276984
353,-0.0000116892068295979084534765572
354,-0.0000116316764127375305159309621
355,-0.0000115745852485693309098523741
356,-0.0000115179287671767928587930870
357,-0.0000114617024586586192031968965
358,-0.0000114059018721883283476842178
359,-0.0000113505226150795797767198572
360,-0.0000112955603518595891508986180
361,-0.0000112410108033807355123338306
362,-0.0000111868697459257655571480803
363,-0.0000111331330103468373876334502
364,-0.0000110797964812209718197794530
365,-0.0000110268560959975051973020895
366,-0.0000109743078441870555280680632
367,-0.0000109221477665608893272226579
368,-0.0000108703719543534782492725280
369,-0.0000108189765484846497131897895
370,-0.0000107679577387968420505527905
371,-0.0000107173117633150515180569259
372,-0.0000106670349075001724701185980
373,-0.0000106171235035290266193776279
374,-0.0000105675739295839404492168214
375,-0.0000105183826091624379362805850
376,-0.0000104695460103943823402352015
377,-0.0000104210606453523254463583444
378,-0.0000103729230694061586674033546
379,-0.0000103251298805703290832229411
380,-0.0000102776777188683719234152610
381,-0.0000102305632657002198424763617
382,-0.0000101837832432332459581469666
383,-0.0000101373344137913284033652368
384,-0.0000100912135792716993474059239
385,-0.0000100454175805444417548650217
386,-0.0000099999432968912145577290122
387,-0.0000099547876454425565104762069
388,-0.0000099099475806107002618701004
389,-0.0000098654200935584463408154629
390,-0.0000098212022116541220380783300
391,-0.0000097772909979533106441948813
392,-0.0000097336835506750964491866180
393,-0.0000096903770026960817470783641
394,-0.0000096473685210506542414717955
395,-0.0000096046553064415343632467891
396,-0.0000095622345927521425545273777
397,-0.0000095201036465732863204915654
398,-0.0000094782597667360511547547292
399,-0.0000094367002838546809353274640
400,-0.0000093954225598708359162610581
401,-0.0000093544239876166116313306276
402,-0.0000093137019903663430062353303
403,-0.0000092732540214173575537000087
404,-0.0000092330775636609445235916837
405,-0.0000091931701291748406469673334
406,-0.0000091535292588075973395872244
407,-0.0000091141525217772449453463400
408,-0.0000090750375152778060549703410
409,-0.0000090361818640934857597798541
410,-0.0000089975832202093548841170898
411,-0.0000089592392624367593613136536
412,-0.0000089211476960469928170811217
413,-0.0000088833062524070249917852436
414,-0.0000088457126886173555283572015
415,-0.0000088083647871593780947731146
416,-0.0000087712603555465368200514036
417,-0.0000087343972259916935738189017
418,-0.0000086977732550666063326042841
419,-0.0000086613863233663544523741024
420,-0.0000086252343351902618764218025
421,-0.0000085893152182208720894889852
422,-0.0000085536269232041722306503202
423,-0.0000085181674236492840415175614
424,-0.0000084829347155100244198014980
425,-0.0000084479268168928913847935278
426,-0.0000084131417677607631362142640
427,-0.0000083785776296444288634341054
428,-0.0000083442324853482863728247234
429,-0.0000083101044386715578818874772
430,-0.0000082761916141307306528703961
431,-0.0000082424921566894137803251721
432,-0.0000082090042314852368610604060
433,-0.0000081757260235669806942301095
434,-0.0000081426557376299554786005630
435,-0.0000081097915977672185723187156
436,-0.0000080771318472031003212846786
437,-0.0000080446747480596412377835236
438,-0.0000080124185811010724405969897
439,-0.0000079803616454902828862591594
440,-0.0000079485022585589195906712844
441,-0.0000079168387555704121540329333
442,-0.0000078853694894884095237217576
443,-0.0000078540928307453524331177698
444,-0.0000078230071670276817925664537
445,-0.0000077921109030449295206350458
446,-0.0000077614024603181091131685389
447,-0.0000077308802769704799396214889
448,-0.0000077005428075079153152454390
449,-0.0000076703885226158339434758305
450,-0.0000076404159089528543452567454
451,-0.0000076106234689479330438846935
452,-0.0000075810097206074607647723608
453,-0.0000075515731973110484888276958
454,-0.0000075223124476309830839474633
455,-0.0000074932260351276217667781679
456,-0.0000074643125381748241660363307
457,-0.0000074355705497686889305824962
458,-0.0000074069986773476293707998958
459,-0.0000073785955426131743655955681
460,-0.0000073503597813515787257333424
461,-0.0000073222900432608928397422076
462,-0.0000072943849917889748176602322
463,-0.0000072666433039482712327454554
464,-0.0000072390636701584467121637666
465,-0.0000072116447940818832566295132
466,-0.0000071843853924605082896587633
467,-0.0000071572841949582546446739317
468,-0.0000071303399440001011054991751
469,-0.0000071035513946212162494850241
470,-0.0000070769173143115289958657815
471,-0.0000070504364828668927363564818
472,-0.0000070241076922406011024542461
473,-0.0000069979297463954593484159470
474,-0.0000069719014611622836772996451
475,-0.0000069460216640961909959684600
476,-0.0000069202891943332887960008247
477,-0.0000068947029024593295022360363
478,-0.0000068692616503633251283841609
479,-0.0000068439643111139536211385201
480,-0.0000068188097688218351193396283
481,-0.0000067937969185064098969576755
482,-0.0000067689246659747864304307313
483,-0.0000067441919276836765045715542
484,-0.0000067195976306255982764856931
485,-0.0000066951407121929666515504540
486,-0.0000066708201200711724324181620
487,-0.0000066466348121065240381427372
488,-0.0000066225837561884619619954384
489,-0.0000065986659301364982185621343
490,-0.0000065748803215832308122430706
491,-0.0000065512259278649547960457126
492,-0.0000065277017559013845481575951
493,-0.0000065043068220896238983448164
494,-0.0000064810401521913243406917267
495,-0.0000064579007812326332811176897
496,-0.0000064348877533911597293922967
497,-0.0000064120001218932653720519077
498,-0.0000063892369489103021694641439
499,-0.0000063665973054533625250763071
500,-0.000006344080271281896781795907
501,-0.000006321684934789027374461959
502,-0.000006299410392918397476760484
503,-0.000006277255751061976927456379
504,-0.000006255220122962624843016012
505,-0.000006233302630621942143948662
506,-0.000006211502404205308581475730
507,-0.000006189818581950631160883476
508,-0.000006168250310083455672002118
509,-0.000006146796742719724161995029
510,-0.000006125457041782549437229390
511,-0.000006104230376907562253458781
512,-0.000006083115925370584770235047
513,-0.000006062112871991686565468816
514,-0.000006041220409054616750467402
515,-0.000006020437736225160091157154
516,-0.000005999764060470211571597900
517,-0.000005979198595975846067705768
518,-0.000005958740564067233911069975
519,-0.000005938389193130146995212801
520,-0.000005918143718538120121808134
521,-0.000005898003382571727519964113
522,-0.000005877967434345283594417118
523,-0.000005858035129727888416122971
524,-0.000005838205731274699989276093
525,-0.000005818478508155045166383197
526,-0.000005798852736074245362349959
527,-0.000005779327697213248882672588
528,-0.000005759902680149612479081795
529,-0.000005740576979793023167913624
530,-0.000005721349897315316622937044
531,-0.000005702220740087213855606912
532,-0.000005683188821601679797733053
533,-0.000005664253461421150624023873
534,-0.000005645413985107185080363650
535,-0.000005626669724156810491528759
536,-0.000005608020015937118805080128
537,-0.000005589464203625227291253921
538,-0.000005571001636146797547768678
539,-0.000005552631668116662169675674
540,-0.000005534353659773729491291926
541,-0.000005516166976926263669616798
542,-0.000005498070990897644532903477
543,-0.000005480065078455107671097679
544,-0.000005462148621764512973212653
545,-0.000005444321008328447971406246
546,-0.000005426581630934558212240517
547,-0.000005408929887595706961029976
548,-0.000005391365181496998311462550
549,-0.000005373886920950071532413462
550,-0.000005356494519323136841288865
551,-0.000005339187395001744251615877
552,-0.000005321964971336699451398192
553,-0.000005304826676587608649710658
554,-0.000005287771943874346042966404
555,-0.000005270800211127516309974857
556,-0.000005253910921037417316486519
557,-0.000005237103521010051428825993
558,-0.000005220377463111957736806095
559,-0.000005203732204029713866077263
560,-0.000005187167205020305949571802
561,-0.000005170681931859979391449388
562,-0.000005154275854806885518990539
563,-0.000005137948448549990683602507
564,-0.000005121699192161928427592599
565,-0.000005105527569060534122885468
566,-0.000005089433066965671944535365
567,-0.000005073415177851930444552002
568,-0.000005057473397902736938777767
569,-0.000005041607227478575557098329
570,-0.000005025816171067280392765651
571,-0.000005010099737244460823480731
572,-0.000004994457438634100678482242
573,-0.000004978888791867230004053365
574,-0.000004963393317538256628999142
575,-0.000004947970540175843323714617
576,-0.000004932619988192679722105013
577,-0.000004917341193854766766713152
578,-0.000004902133693239099409361956
579,-0.000004886997026199021364679558
580,-0.000004871930736326787780053079
581,-0.000004856934370914209828004565
582,-0.000004842007480917096248122569
583,-0.000004827149620923878974038053
584,-0.000004812360349113258041503455
585,-0.000004797639227225503508238780
586,-0.000004782985820525061794372054
587,-0.000004768399697762818843726639
588,-0.000004753880431145890408597003
589,-0.000004739427596308032233219566
590,-0.000004725040772269039639514331
591,-0.000004710719541409117492661676
592,-0.000004696463489426652603509728
593,-0.000004682272205315626391507924
594,-0.000004668145281333063009814723
595,-0.000004654082312964053416992990
596,-0.000004640082898889006977220268
597,-0.000004626146640960351675369175
598,-0.000004612273144167016201087174
599,-0.000004598462016605955232824739
600,-0.000004584712869453520416222721
601,-0.000004571025316933650446630088
602,-0.000004557398976289899055615347
603,-0.000004543833467760783729782459
604,-0.000004530328414547014827550451
605,-0.000004516883442783926482161555
606,-0.000004503498181512278926112361
607,-0.000004490172262657981739282612
608,-0.000004476905320997757821598914
609,-0.000004463696994138398719572406
610,-0.000004450546922484613242289766
611,-0.000004437454749211948805462399
612,-0.000004424420120247397480994145
613,-0.000004411442684243642783711423
614,-0.000004398522092545607945003345
615,-0.000004385657999177076145842883
616,-0.000004372850060803351368209755
617,-0.000004360097936713939549914135
618,-0.000004347401288802310131431608
619,-0.000004334759781530918625308269
620,-0.000004322173081918484426379602
621,-0.000004309640859505962607380324
622,-0.000004297162786343696898067723
623,-0.000004284738536961743732444838
624,-0.000004272367788349447705731188
625,-0.000004260050219932506229780623
626,-0.000004247785513554297790543458
627,-0.000004235573353446296527632090
628,-0.000004223413426212216659474550
629,-0.000004211305420805663763101869
630,-0.000004199249028507988898813937
631,-0.000004187243942906038781253651
632,-0.000004175289859874072142969533
633,-0.000004163386477551220760841848
634,-0.000004151533496321237434180100
635,-0.000004139730618792748978733183
636,-0.000004127977549780354731580714
637,-0.000004116273996283995224931271
638,-0.000004104619667467701442464712
639,-0.000004093014274643015101538845
640,-0.000004081457531245393515178889
641,-0.000004069949152823828872291399
642,-0.000004058488857014012587408547
643,-0.000004047076363520335577900570
644,-0.000004035711394103570702090495
645,-0.000004024393672556609296068381
646,-0.000004013122924688301136466009
647,-0.000004001898878309083537190735
648,-0.000003990721263208267832983998
649,-0.000003979589811137589639416585
650,-0.000003968504255797350485290438
651,-0.000003957464332813636281001483
652,-0.000003946469779729995560154462
653,-0.000003935520335982133059259242
654,-0.000003924615742884280316891476
655,-0.000003913755743615839097748885
656,-0.000003902940083203122236938060
657,-0.000003892168508498948986237394
658,-0.000003881440768175631506634831
659,-0.000003870756612702182998870981
660,-0.000003860115794328098141944601
661,-0.000003849518067074837290258293
662,-0.000003838963186716578249995000
663,-0.000003828450910761212276355940
664,-0.000003817980998442015048071487
665,-0.000003807553210703004543861410
666,-0.000003797167310176723105746596
667,-0.000003786823061175487446385082
668,-0.000003776520229676436123411435
669,-0.000003766258583304698992125196
670,-0.000003756037891326287063466995
671,-0.000003745857924627974291753020
672,-0.000003735718455703867696584449
673,-0.000003725619258641070343269224
674,-0.000003715560109108191899987606
675,-0.000003705540784344795511564972
676,-0.000003695561063142687560978869
677,-0.000003685620725838217183319671
678,-0.000003675719554293309199351094
679,-0.000003665857331885502484635371
680,-0.000003656033843494495236287381
681,-0.000003646248875495896893632974
682,-0.000003636502215736264128610370
683,-0.000003626793653530872293537553
684,-0.000003617122979646747238859076
685,-0.000003607489986295588439712488
686,-0.000003597894467115044219337626
687,-0.000003588336217162494023997183
688,-0.000003578815032896936192106008
689,-0.000003569330712175773212457705
690,-0.000003559883054237962425230289
691,-0.000003550471859688340298911737
692,-0.000003541096930497394702961752
693,-0.000003531758069981949744587252
694,-0.000003522455082797373472847556
695,-0.000003513187774919755242781822
696,-0.000003503955953647010294058868
697,-0.000003494759427581448289206226
698,-0.000003485598006613813832308514
699,-0.000003476471501925214082119448
700,-0.000003467379725964511164896855
701,-0.000003458322492445855124199125
702,-0.000003449299616334411327606170
703,-0.000003440310913836268978745402
704,-0.000003431356202392410416241443
705,-0.000003422435300665294581545043
706,-0.000003413548028529010660979317
707,-0.000003404694207057591102203274
708,-0.000003395873658523889507544467
709,-0.000003387086206376876100063411
710,-0.000003378331675244101283618350
711,-0.000003369609890913319689015400
712,-0.000003360920680330209507675765
713,-0.000003352263871585039187412637
714,-0.000003343639293903877402430685
715,-0.000003335046777640730122619690
716,-0.000003326486154268370593902241
717,-0.000003317957256367576719551158
718,-0.000003309459917620983987068111
719,-0.000003300993972802573542648553
720,-0.000003292559257768877316847759
721,-0.000003284155609450798288991780
722,-0.000003275782865846625138102438
723,-0.000003267440866012431657690876
724,-0.000003259129450051912339731043
725,-0.000003250848459112564160866386
726,-0.000003242597735370055556422509
727,-0.000003234377122029382726722581
728,-0.000003226186463310433663585248
729,-0.000003218025604441247307869796
730,-0.000003209894391653246291580758
731,-0.000003201792672167432987778539
732,-0.000003193720294191053537103783
733,-0.000003185677106910162903927566
734,-0.000003177662960479622806477386
735,-0.000003169677706018106270505589
736,-0.000003161721195596163499726590
737,-0.000003153793282235391644095157
738,-0.000003145893819896556067916960
739,-0.000003138022663472010287319276
740,-0.000003130179668783007332454563
741,-0.000003122364692563960128920744
742,-0.000003114577592466498269573557
743,-0.000003106818227042733500459320
744,-0.000003099086455745428679140496
745,-0.000003091382138917500103884838
746,-0.000003083705137782285713357362
747,-0.000003076055314444493174544453
748,-0.000003068432531878838715630184
749,-0.000003060836653919906088517640
750,-0.000003053267545263314238575164
751,-0.000003045725071453465017627299
752,-0.000003038209098880182117814787
753,-0.000003030719494771294102576231
754,-0.000003023256127184050291215279
755,-0.000003015818865001883174134432
756,-0.000003008407577925857609888449
757,-0.000003001022136474536626065266
758,-0.000002993662411968253311255449
759,-0.000002986328276529041743310271
760,-0.000002979019603073117277503284
761,-0.000002971736265305689058422580
762,-0.000002964478137717693813843232
763,-0.000002957245095570728483478145
764,-0.000002950037014902560575536297
765,-0.000002942853772513565348960631
766,-0.000002935695245962430745826799
767,-0.000002928561313564474269977722
768,-0.000002921451854382961049557579
769,-0.000002914366748225305760262626
770,-0.000002907305875629425795884158
771,-0.000002900269117869806696337772
772,-0.000002893256356948715484239060
773,-0.000002886267475587636998427751
774,-0.000002879302357221337664693334
775,-0.000002872360885995907800170014
776,-0.000002865442946764460167886215
777,-0.000002858548425079919920882712
778,-0.000002851677207187625744637674
779,-0.000002844829180025102210299818
780,-0.000002838004231213163632486053
781,-0.000002831202249050622792334595
782,-0.000002824423122514251931524137
783,-0.000002817666741246905108737582
784,-0.000002810932995558461798895264
785,-0.000002804221776418676886579345
786,-0.000002797532975451831333873426
787,-0.000002790866484934023511320356
788,-0.000002784222197786250222537523
789,-0.000002777600007568879227546156
790,-0.000002770999808478391422269785
791,-0.000002764421495347707111523718
792,-0.000002757864963631213340379459
793,-0.000002751330109409313156736095
794,-0.000002744816829381734562324982
795,-0.000002738325020856768982135927
796,-0.000002731854581756319652786193
797,-0.000002725405410607998114010056
798,-0.000002718977406537487418106619
799,-0.000002712570469266089727901497
800,-0.000002706184499109871291198823
801,-0.000002699819396972554248422602
802,-0.000002693475064338732039492545
803,-0.000002687151403276291173227091
804,-0.000002680848316425337145352286
805,-0.000002674565706998063790011867
806,-0.000002668303478775740054889915
807,-0.000002662061536101148556396484
808,-0.000002655839783874495666604023
809,-0.000002649638127554513403184414
810,-0.000002643456473152669214309284
811,-0.000002637294727222007560459728
812,-0.000002631152796865338083304449
813,-0.000002625030589719917186655835
814,-0.000002618928013962731087446512
815,-0.000002612844978303706247865132
816,-0.000002606781391977082531763758
817,-0.000002600737164745985454269382
818,-0.000002594712206891948360487495
819,-0.000002588706429214944094980574
820,-0.000002582719743030026995685185
821,-0.000002576752060161628709083978
822,-0.000002570803292940789335187701
823,-0.000002564873354200825915820299
824,-0.000002558962157276574369654268
825,-0.000002553069615998613329469406
826,-0.000002547195644689811994892545
827,-0.000002541340158164009100288527
828,-0.000002535503071719649208158718
829,-0.000002529684301138474423100403
830,-0.000002523883762680883421821022
831,-0.000002518101373083795608984043
832,-0.000002512337049558199745805814
833,-0.000002506590709782002950751566
834,-0.000002500862271901867040745498
835,-0.000002495151654527694883948157
836,-0.000002489458776727027244470989
837,-0.000002483783558026846354806920
838,-0.000002478125918407083414486335
839,-0.000002472485778295647460245145
840,-0.000002466863058573659051731345
841,-0.000002461257680560204141331011
842,-0.000002455669566021976299950248
843,-0.000002450098637158728093418524
844,-0.000002444544816608064927038723
845,-0.000002439008027441305638681164
846,-0.000002433488193158275691012259
847,-0.000002427985237688032185794298
848,-0.000002422499085378943109351947
849,-0.000002417029661003942434160968
850,-0.000002411576889753251348990896
851,-0.000002406140697231930803237681
852,-0.000002400721009457600881258746
853,-0.000002395317752857581453888072
854,-0.000002389930854267860332368511
855,-0.000002384560240927624540482583
856,-0.000002379205840478370122979150
857,-0.000002373867580959505160173620
858,-0.000002368545390806407399282609
859,-0.000002363239198850244191300181
860,-0.000002357948934311533081322126
861,-0.000002352674526799740253231662
862,-0.000002347415906309557678488549
863,-0.000002342173003220315640691587
864,-0.000002336945748290655219153377
865,-0.000002331734072660493297505336
866,-0.000002326537907842112417169572
867,-0.000002321357185721016888748976
868,-0.000002316191838556441831699223
869,-0.000002311041798972708214624543
870,-0.000002305906999962857491890635
871,-0.000002300787374884575419685780
872,-0.000002295682857452517825295136
873,-0.000002290593381742135987153819
874,-0.000002285518882185999368337032
875,-0.000002280459293569902923569484
876,-0.000002275414551031818638319170
877,-0.000002270384590059275895310264
878,-0.000002265369346487393214748326
879,-0.000002260368756494655861495325
880,-0.000002255382756605890149072431
881,-0.000002250411283683204052163827
882,-0.000002245454274928061619166741
883,-0.000002240511667876270923635401
884,-0.000002235583400401534039885547
885,-0.000002230669410707041306576699
886,-0.000002225769637323540675426584
887,-0.000002220884019113195232909039
888,-0.000002216012495261173563103232
889,-0.000002211155005275908304563065
890,-0.000002206311488987893431766135
891,-0.000002201481886547732559048597
892,-0.000002196666138421802904786399
893,-0.000002191864185390781891402109
894,-0.000002187075968549808417149374
895,-0.000002182301429304869608615369
896,-0.000002177540509370753401633439
897,-0.000002172793150769448798638749
898,-0.000002168059295827512435463125
899,-0.000002163338887176851873215710
900,-0.000002158631867749177913503212
901,-0.000002153938180773500921021144
902,-0.000002149257769781205548659361
903,-0.000002144590578595243519347097
904,-0.000002139936551333278121558024
905,-0.000002135295632404296397849959
906,-0.000002130667766509399837308251
907,-0.000002126052898636168916345687
908,-0.000002121450974057092881498760
909,-0.000002116861938331969329436726
910,-0.000002112285737304559803250717
911,-0.000002107722317096656575138147
912,-0.000002103171624107159296391978
913,-0.000002098633605018267370218705
914,-0.000002094108206785407538739145
915,-0.000002089595376637063567802880
916,-0.000002085095062074757788769140
917,-0.000002080607210869896757271657
918,-0.000002076131771063208498159731
919,-0.000002071668690963634209761503
920,-0.000002067217919144561273500424
921,-0.000002062779404445203067800192
922,-0.000002058353095964144266486542
923,-0.000002053938943061949015168256
924,-0.000002049536895359417116037057
925,-0.000002045146902734885337089457
926,-0.000002040768915318806718948077
927,-0.000002036402883499595033561247
928,-0.000002032048757918218206093381
929,-0.000002027706489465245484731870
930,-0.000002023376029283184778207272
931,-0.000002019057328758963304411649
932,-0.000002014750339529082128844145
933,-0.000002010455013473492029356015
934,-0.000002006171302716146288223269
935,-0.000002001899159623602228398986
936,-0.000001997638536804208462232146
937,-0.000001993389387103033113737791
938,-0.000001989151663603308001015559
939,-0.000001984925319623297945462311
940,-0.000001980710308719352230078370
941,-0.000001976506584676975676297946
942,-0.000001972314101518840752368477
943,-0.000001968132813495105725142450
944,-0.000001963962675082691966332967
945,-0.000001959803640989833190122571
946,-0.000001955655666149196225021081
947,-0.000001951518705718814797793535
948,-0.000001947392715082792029997501
949,-0.000001943277649844017454512797
950,-0.000001939173465826858515650304
951,-0.000001935080119076936233415932
952,-0.000001930997565857477605704680
953,-0.000001926925762648461004285101
954,-0.000001922864666143511262243394
955,-0.000001918814233253569615672633
956,-0.000001914774421103291279995645
957,-0.000001910745187026484186524999
958,-0.000001906726488568290726972360
959,-0.000001902718283483637225003028
960,-0.000001898720529734791188980589
961,-0.000001894733185492931743017539
962,-0.000001890756209130847481113401
963,-0.000001886789559229504509347322
964,-0.000001882833194571247150187143
965,-0.000001878887074140572280260782
966,-0.000001874951157123429824683433
967,-0.000001871025402902631549177078
968,-0.000001867109771062407121498562
969,-0.000001863204221383903834412111
970,-0.000001859308713842143402168360
971,-0.000001855423208607895603678255
972,-0.000001851547666047285581598275
973,-0.000001847682046717692054689980
974,-0.000001843826311367809179342644
975,-0.000001839980420938293304162204
976,-0.000001836144336556194013362315
977,-0.000001832318019536751019256188
978,-0.000001828501431384638693428479
979,-0.000001824694533788664136993612
980,-0.000001820897288624735830684145
981,-0.000001817109657951154297364242
982,-0.000001813331604007208691771977
983,-0.000001809563089216278718910725
984,-0.000001805804076180713359430096
985,-0.000001802054527682421378100843
986,-0.000001798314406682494199455190
987,-0.000001794583676319766500634615
988,-0.000001790862299907570589523086
989,-0.000001787150240936115865129144
990,-0.000001783447463070470445403518
991,-0.000001779753930148434265415484
992,-0.000001776069606179932199463755
993,-0.000001772394455345796982281321
994,-0.000001768728441998489840941628
995,-0.000001765071530659549602065841
996,-0.000001761423686017858885581156
997,-0.000001757784872928782829958616
998,-0.000001754155056417095058082313
999,-0.000001750534201673289987594440
1000,-0.000001746922274050703607262774
1001,-0.000001743319239064074324653357
1002,-0.000001739725062394451651317348
1003,-0.000001736139709884617109810824
1004,-0.000001732563147536140193821350
1005,-0.000001728995341512322791973314
1006,-0.000001725436258133251904992723
1007,-0.000001721885863878393555948335
1008,-0.000001718344125386398380836327
1009,-0.000001714811009449331335552769
1010,-0.000001711286483016536437170149
1011,-0.000001707770513190009114549766
1012,-0.000001704263067227131862353409
1013,-0.000001700764112537593080449285
1014,-0.000001697273616683766991206535
1015,-0.000001693791547377273510918436
1016,-0.000001690317872481933718774163
1017,-0.000001686852560009327871536199
1018,-0.000001683395578121368171203589
1019,-0.000001679946895125146216529823
1020,-0.000001676506479476674007914810
1021,-0.000001673074299778724386687248
1022,-0.000001669650324777264481788717
1023,-0.000001666234523363040524113832
1024,-0.000001662826864572657386634524
1025,-0.000001659427317582957388551976
1026,-0.000001656035851714719596012102
1027,-0.000001652652436427384270017254
1028,-0.000001649277041321503520108784
1029,-0.000001645909636140224939506590
1030,-0.000001642550190763853967622691
1031,-0.000001639198675209479939582216
1032,-0.000001635855059633117677182861
1033,-0.000001632519314326692168205456
1034,-0.000001629191409717540717900446
1035,-0.000001625871316369722421798368
1036,-0.000001622559004980174803258551
1037,-0.000001619254446379387033183980
1038,-0.000001615957611531855658844905
1039,-0.000001612668471532875634140960
1040,-0.000001609386997609442621643772
1041,-0.000001606113161120819120881651
1042,-0.000001602846933554981179369028
1043,-0.000001599588286527437483724630
1044,-0.000001596337191785466997956316
1045,-0.000001593093621202527865528192
1046,-0.000001589857546778109115490612
1047,-0.000001586628940640251183206785
1048,-0.000001583407775041505884913962
1049,-0.000001580194022360031141983236
1050,-0.000001576987655097370720303653
1051,-0.000001573788645879432983691745
1052,-0.000001570596967456196702702634
1053,-0.000001567412592699567211634643
1054,-0.000001564235494600419907780991
1055,-0.000001561065646273334155509984
1056,-0.000001557903020953857098145980
1057,-0.000001554747591994969856452675
1058,-0.000001551599332871353042191600
1059,-0.000001548458217173645552369410
1060,-0.000001545324218610409603814927
1061,-0.000001542197311009366486839105
1062,-0.000001539077468312816434504146
1063,-0.000001535964664580557183157497
1064,-0.000001532858873986210088992043
1065,-0.000001529760070817524084328109
1066,-0.000001526668229479473497742053
1067,-0.000001523583324487668818942733
1068,-0.000001520505330471418221102586
1069,-0.000001517434222169921614634183
1070,-0.000001514369974437088465024276
1071,-0.000001511312562237555837352098
1072,-0.000001508261960645148965514392
1073,-0.000001505218144844952370573022
1074,-0.000001502181090129118265222223
1075,-0.000001499150771900290375268974
1076,-0.000001496127165667155867493098
1077,-0.000001493110247048079645579391
1078,-0.000001490099991766512192008257
1079,-0.000001487096375655896579278064
1080,-0.000001484099374651783874416670
1081,-0.000001481108964795542771166250
1082,-0.000001478125122234420707540476
1083,-0.000001475147823217416784334955
1084,-0.000001472177044099721628051691
1085,-0.000001469212761338633507005477
1086,-0.000001466254951493406236875084
1087,-0.000001463303591225991995673448
1088,-0.000001460358657299253591877875
1089,-0.000001457420126577482060817569
1090,-0.000001454487976025418418604458
1091,-0.000001451562182705971257969141
1092,-0.000001448642723782872561926728
1093,-0.000001445729576517857525911269
1094,-0.000001442822718273327309758806
1095,-0.000001439922126505726336093035
1096,-0.000001437027778769768446405398
1097,-0.000001434139652719129114626462
1098,-0.000001431257726100759914211853
1099,-0.000001428381976759574416231095
1100,-0.000001425512382634564465587693
1101,-0.000001422648921759786964106142
1102,-0.000001419791572262029291892941
1103,-0.000001416940312363128957065674
1104,-0.000001414095120379735740718211
1105,-0.000001411255974718363960032764
1106,-0.000001408422853881133192099373
1107,-0.000001405595736458959205542591
1108,-0.000001402774601133345789250092
1109,-0.000001399959426680306070568932
1110,-0.000001397150191963222880763439
1111,-0.000001394346875938458800273734
1112,-0.000001391549457648657110012851
1113,-0.000001388757916226800350012943
1114,-0.000001385972230893469663220049
1115,-0.000001383192380959307515273330
1116,-0.000001380418345821182118442759
1117,-0.000001377650104963562393153300
1118,-0.000001374887637956877716307315
1119,-0.000001372130924458316712388237
1120,-0.000001369379944211593937087831
1121,-0.000001366634677045238532847291
1122,-0.000001363895102872828236620692
1123,-0.000001361161201691782782126929
1124,-0.000001358432953585029806186609
1125,-0.000001355710338718867539320608
1126,-0.000001352993337341689350620020
1127,-0.000001350281929785486726679415
1128,-0.000001347576096464972204666964
1129,-0.000001344875817876362783046572
1130,-0.000001342181074597082867145096
1131,-0.000001339491847286420009754873
1132,-0.000001336808116685911117729916
1133,-0.000001334129863614125980325586
1134,-0.000001331457068970931228259448
1135,-0.000001328789713737546307984500
1136,-0.000001326127778971459078423363
1137,-0.000001323471245810816591567150
1138,-0.000001320820095470942671826442
1139,-0.000001318174309244598808793053
1140,-0.000001315533868504034703407511
1141,-0.000001312898754698370228898985
1142,-0.000001310268949352534231583691
1143,-0.000001307644434069248228918367
1144,-0.000001305025190525267030993387
1145,-0.000001302411200472780671316811
1146,-0.000001299802445740641740394085
1147,-0.000001297198908232731712397339
1148,-0.000001294600569927408236288921
1149,-0.000001292007412876034846326152
1150,-0.000001289419419204906399380672
1151,-0.000001286836571112817803368446
1152,-0.000001284258850872195453301422
1153,-0.000001281686240827823069495417
1154,-0.000001279118723396075312583040
1155,-0.000001276556281065628993294410
1156,-0.000001273998896397456095294097
1157,-0.000001271446552024429602276439
1158,-0.000001268899230649346179679146
1159,-0.000001266356915043990293283170
1160,-0.000001263819588052663004978655
1161,-0.000001261287232588742164752734
1162,-0.000001258759831633867556110569
1163,-0.000001256237368240315508525330
1164,-0.000001253719825529050332806477
1165,-0.000001251207186689333933608406
1166,-0.000001248699434978174021925344
1167,-0.000001246196553721258746198599
1168,-0.000001243698526310108096566894
1169,-0.000001241205336204964970203470
1170,-0.000001238716966932014661417080
1171,-0.000001236233402083856301169531
1172,-0.000001233754625319516646426706
1173,-0.000001231280620363795489238042
1174,-0.000001228811371007908962149029
1175,-0.000001226346861106659773295129
1176,-0.000001223887074579418542624415
1177,-0.000001221431995411024525351034
1178,-0.000001218981607652255532931933
1179,-0.000001216535895415432176181064
1180,-0.000001214094842877138041388096
1181,-0.000001211658434276870938473296
1182,-0.000001209226653917352309474291
1183,-0.000001206799486165353716926175
1184,-0.000001204376915448335665997931
1185,-0.000001201958926257896673595829
1186,-0.000001199545503143390305114815
1187,-0.000001197136630719212265287301
1188,-0.000001194732293659206718908116
1189,-0.000001192332476699838278930867
1190,-0.000001189937164636452653028488
1191,-0.000001187546342325317741212304
1192,-0.000001185159994684436512372964
1193,-0.000001182778106688044139616099
1194,-0.000001180400663371179630041858
1195,-0.000001178027649829476998857510
1196,-0.000001175659051215750978755224
1197,-0.000001173294852742693845215743
1198,-0.000001170935039681106032784730
1199,-0.000001168579597359208129812939
1200,-0.000001166228511162301237787722
1201,-0.000001163881766533627826082197
1202,-0.000001161539348975757481689223
1203,-0.000001159201244045719151462937
1204,-0.000001156867437357800827400664
1205,-0.000001154537914583688451377224
1206,-0.000001152212661449364997547918
1207,-0.000001149891663736495530439454
1208,-0.000001147574907284574594566281
1209,-0.000001145262377987807265490436
1210,-0.000001142954061794099841669213
1211,-0.000001140649944706906676974762
1212,-0.000001138350012784429056672617
1213,-0.000001136054252139533853257150
1214,-0.000001133762648938312261919255
1215,-0.000001131475189400278758301928
1216,-0.000001129191859801137102110765
1217,-0.000001126912646465666639430186
1218,-0.000001124637535775017813677325
1219,-0.000001122366514161300962085270
1220,-0.000001120099568110627221333718
1221,-0.000001117836684157954523189796
1222,-0.000001115577848895367409766456
1223,-0.000001113323048963514920510933
1224,-0.000001111072271054598596711008
1225,-0.000001108825501913547982668187
1226,-0.000001106582728335928470965098
1227,-0.000001104343937165983809150804
1228,-0.000001102109115300749115699106
1229,-0.000001099878249686844165196418
1230,-0.000001097651327322945817312978
1231,-0.000001095428335254350747779189
1232,-0.000001093209260578397139905513
1233,-0.000001090994090440946152980752
1234,-0.000001088782812037791803007382
1235,-0.000001086575412611497067976672
1236,-0.000001084371879455069527708750
1237,-0.000001082172199910219662427189
1238,-0.000001079976361366328162924433
1239,-0.000001077784351261337938087780
1240,-0.000001075596157080636768762563
1241,-0.000001073411766357626270484419
1242,-0.000001071231166671585821289425
1243,-0.000001069054345650690572797789
1244,-0.000001066881290969586840436717
1245,-0.000001064711990349322229035353
1246,-0.000001062546431557851136513779
1247,-0.000001060384602409034421170347
1248,-0.000001058226490763356372020267
1249,-0.000001056072084527761209047078
1250,-0.000001053921371651469109031937
1251,-0.000001051774340133187488010735
1252,-0.000001049630978015970007227298
1253,-0.000001047491273385600767056847
1254,-0.000001045355214376600436524634
1255,-0.000001043222789165090148067370
1256,-0.000001041093985971492530139322
1257,-0.000001038968793060850728042256
1258,-0.000001036847198744899211033430
1259,-0.000001034729191376417414488945
1260,-0.000001032614759353099230744866
1261,-0.000001030503891113808045865358
1262,-0.000001028396575143595661804568
1263,-0.000001026292799968692405087939
1264,-0.000001024192554157434201624458
1265,-0.000001022095826324252796458110
1266,-0.000001020002605122518057121495
1267,-0.000001017912879249333097489559
1268,-0.000001015826637443836128781941
1269,-0.000001013743868487348123306119
1270,-0.000001011664561202632164123169
1271,-0.000001009588704452705651362013
1272,-0.000001007516287143392428552570
1273,-0.000001005447298221961251406648
1274,-0.000001003381726674581804232967
1275,-0.000001001319561528504683334464
1276,-9.99260791854453591985249E-7
1277,-9.97205406761186405846572E-7
1278,-9.95153395398734457806754E-7
1279,-9.93104746955392411069350E-7
1280,-9.91059450660046215044416E-7
1281,-9.89017495782038233564985E-7
1282,-9.86978871629866893566294E-7
1283,-9.84943567550999903446997E-7
1284,-9.82911572932865558586952E-7
1285,-9.80882877200281185693187E-7
1286,-9.78857469818354523064103E-7
1287,-9.76835340290426287580366E-7
1288,-9.74816478157454431423278E-7
1289,-9.72800872999410818912608E-7
1290,-9.70788514434990634254080E-7
1291,-9.68779392119386634124359E-7
1292,-9.66773495746726202228532E-7
1293,-9.64770815047832141128847E-7
1294,-9.62771339792053252880143E-7
1295,-9.60775059784772686560245E-7
1296,-9.58781964868724424749635E-7
1297,-9.56792044925004215897655E-7
1298,-9.54805289870604165825101E-7
1299,-9.52821689658283697205867E-7
1300,-9.50841234277043118299988E-7
1301,-9.48863913753587777825738E-7
1302,-9.46889718150431742256682E-7
1303,-9.44918637566156720582037E-7
1304,-9.42950662135237505233208E-7
1305,-9.40985782025764992589895E-7
1306,-9.39023987442893122495310E-7
1307,-9.37065268627963906777741E-7
1308,-9.35109615856620174501762E-7
1309,-9.33157019439576348317313E-7
1310,-9.31207469722230905964381E-7
1311,-9.29260957085048003364601E-7
1312,-9.27317471942392668614396E-7
1313,-9.25377004743088337142567E-7
1314,-9.23439545971929729166538E-7
1315,-9.21505086146159431587315E-7
1316,-9.19573615817247431697471E-7
1317,-9.17645125571125766964991E-7
1318,-9.15719606025956096736317E-7
1319,-9.13797047835383188913062E-7
1320,-9.11877441685135467568544E-7
1321,-9.09960778294398300580008E-7
1322,-9.08047048415701417136278E-7
1323,-9.06136242834494368415414E-7
1324,-9.04228352369000222509042E-7
1325,-9.02323367869501342474753E-7
1326,-9.00421280220477897478186E-7
1327,-8.98522080335066916449150E-7
1328,-8.96625759163143020893729E-7
1329,-8.94732307684126581244175E-7
1330,-8.92841716909625167805523E-7
1331,-8.90953977884298678682842E-7
1332,-8.89069081683360291122219E-7
1333,-8.87187019412889811069145E-7
1334,-8.85307782213220680666511E-7
1335,-8.83431361253462507170434E-7
1336,-8.81557747733673678083379E-7
1337,-8.79686932886121561455564E-7
1338,-8.77818907973260934597711E-7
1339,-8.75953664290167268715934E-7
1340,-8.74091193160277816642512E-7
1341,-8.72231485936910727122889E-7
1342,-8.70374534006288801694509E-7
1343,-8.68520328783885925783662E-7
1344,-8.66668861713871188042925E-7
1345,-8.64820124272154868415677E-7
1346,-8.62974107963115362341095E-7
1347,-8.61130804321862192256004E-7
1348,-8.59290204913010229395630E-7
1349,-8.57452301329994387612912E-7
1350,-8.55617085196532301263463E-7
1351,-8.53784548165568258460304E-7
1352,-8.51954681917447037133761E-7
1353,-8.50127478163227834556677E-7
1354,-8.48302928641609340851241E-7
1355,-8.46481025120961524851841E-7
1356,-8.44661759397224913390630E-7
1357,-8.42845123296057733843226E-7
1358,-8.41031108670463016146057E-7
1359,-8.39219707402730857767758E-7
1360,-8.37410911401998824588928E-7
1361,-8.35604712606308931760109E-7
1362,-8.33801102980436528604961E-7
1363,-8.32000074519297825956408E-7
1364,-8.30201619242947061095299E-7
1365,-8.28405729199371955031498E-7
1366,-8.26612396465193107106833E-7
1367,-8.24821613144144816071387E-7
1368,-8.23033371365466397314192E-7
1369,-8.21247663286357827442159E-7
1370,-8.19464481092528543226153E-7
1371,-8.17683816994249917972898E-7
1372,-8.15905663228731271116038E-7
1373,-8.14130012062099770527509E-7
1374,-8.12356855785689021132947E-7
1375,-8.10586186716914878948284E-7
1376,-8.08817997198064912391433E-7
1377,-8.07052279600371822851617E-7
1378,-8.05289026318760633790098E-7
1379,-8.03528229775115261524650E-7
1380,-8.01769882417782644560117E-7
1381,-8.00013976720443589291952E-7
1382,-7.98260505181435785567323E-7
1383,-7.96509460327048851508319E-7
1384,-7.94760834705469443517062E-7
1385,-7.93014620894252559879678E-7
1386,-7.91270811492835441636965E-7
1387,-7.89529399126060230983824E-7
1388,-7.87790376444867235438476E-7
1389,-7.86053736126277031601588E-7
1390,-7.84319470869118929214560E-7
1391,-7.82587573400089242516772E-7
1392,-7.80858036467579845177535E-7
1393,-7.79130852847019345453838E-7
1394,-7.77406015335788766662038E-7
1395,-7.75683516757056480497095E-7
1396,-7.73963349957278912238349E-7
1397,-7.72245507808300024109390E-7
1398,-7.70529983204973723188904E-7
1399,-7.68816769067012712932253E-7
1400,-7.67105858337482620213297E-7
1401,-7.65397243981692818751578E-7
1402,-7.63690918989435502967103E-7
1403,-7.61986876374459559497075E-7
1404,-7.60285109174268617138178E-7
1405,-7.58585610448763016730297E-7
1406,-7.56888373281541213166717E-7
1407,-7.55193390779808371489212E-7
1408,-7.53500656072665106530909E-7
1409,-7.51810162312231007103834E-7
1410,-7.50121902674383652874407E-7
1411,-7.48435870358220900703843E-7
1412,-7.46752058583472047226583E-7
1413,-7.45070460592537211290578E-7
1414,-7.43391069651950496233846E-7
1415,-7.41713879050536250387255E-7
1416,-7.40038882098881108030654E-7
1417,-7.38366072129181515600924E-7
1418,-7.36695442495134481123428E-7
1419,-7.35026986574651718741930E-7
1420,-7.33360697766396769853235E-7
1421,-7.31696569490769626420979E-7
1422,-7.30034595190115541548171E-7
1423,-7.28374768328131386661456E-7
1424,-7.26717082390604540286102E-7
1425,-7.25061530884171780409729E-7
1426,-7.23408107337001352743456E-7
1427,-7.21756805299882256389686E-7
1428,-7.20107618342920131451309E-7
1429,-7.18460540057520991734064E-7
1430,-7.16815564058662557788041E-7
1431,-7.15172683979071003668141E-7
1432,-7.13531893473361978406597E-7
1433,-7.11893186218685296330191E-7
1434,-7.10256555909996852137723E-7
1435,-7.08621996265030152669975E-7
1436,-7.06989501022333431772701E-7
1437,-7.05359063939435645902575E-7
1438,-7.03730678795034254679398E-7
1439,-7.02104339387358634089015E-7
1440,-7.00480039535811325108268E-7
1441,-6.98857773079811804245608E-7
1442,-6.97237533878331711637278E-7
1443,-6.95619315810042729930023E-7
1444,-6.94003112775318938940916E-7
1445,-6.92388918692919446787868E-7
1446,-6.90776727501348497204151E-7
1447,-6.89166533159623237029823E-7
1448,-6.87558329645048024461881E-7
1449,-6.85952110954451839127047E-7
1450,-6.84347871106539845619583E-7
1451,-6.82745604137327518967072E-7
1452,-6.81145304101207797151615E-7
1453,-6.79546965074198386991715E-7
1454,-6.77950581148903349746433E-7
1455,-6.76356146440039447370887E-7
1456,-6.74763655078631782165398E-7
1457,-6.73173101215728141699587E-7
1458,-6.71584479020874703516870E-7
1459,-6.69997782682020462256130E-7
1460,-6.68413006407904895663458E-7
1461,-6.66830144422226752177342E-7
1462,-6.65249190970372108090916E-7
1463,-6.63670140314745975743206E-7
1464,-6.62092986736926295358001E-7
1465,-6.60517724536825163662924E-7
1466,-6.58944348031411438028419E-7
1467,-6.57372851555356666125480E-7
1468,-6.55803229464967953608356E-7
1469,-6.54235476130746783545485E-7
1470,-6.52669585942739498832454E-7
1471,-6.51105553309434044061227E-7
1472,-6.49543372656498873859842E-7
1473,-6.47983038427667084949817E-7
1474,-6.46424545082857805837426E-7
1475,-6.44867887101424765581076E-7
1476,-6.43313058979349905980201E-7
1477,-6.41760055231349469324479E-7
1478,-6.40208870387861842206704E-7
1479,-6.38659498997429871584678E-7
1480,-6.37111935625378337151204E-7
1481,-6.35566174854723026478809E-7
1482,-6.34022211285846323969124E-7
1483,-6.32480039535941287600521E-7
1484,-6.30939654239143624760084E-7
1485,-6.29401050046767656079893E-7
1486,-6.27864221626178304818523E-7
1487,-6.26329163662404377666356E-7
1488,-6.24795870857522888471634E-7
1489,-6.23264337929629632127680E-7
1490,-6.21734559613110530115062E-7
1491,-6.20206530660329519930346E-7
1492,-6.18680245837471967605528E-7
1493,-6.17155699929489177612492E-7
1494,-6.15632887738163774236295E-7
1495,-6.14111804078300337906623E-7
1496,-6.12592443784602578082741E-7
1497,-6.11074801706470463070792E-7
1498,-6.09558872709047369164393E-7
1499,-6.08044651674262601125774E-7
1500,-6.06532133498786009062281E-7
1501,-6.05021313096207361789596E-7
1502,-6.03512185396521028990702E-7
1503,-6.02004745345366886610481E-7
1504,-6.00498987901870395307707E-7
1505,-5.98994908042773799581886E-7
1506,-5.97492500760687609964080E-7
1507,-5.95991761062604798495386E-7
1508,-5.94492683971771498595372E-7
1509,-5.92995264528764642184158E-7
1510,-5.91499497786343163344271E-7
1511,-5.90005378813542943719550E-7
1512,-5.88512902695179275318010E-7
1513,-5.87022064530635920312652E-7
1514,-5.85532859434964858729603E-7
1515,-5.84045282538864306285595E-7
1516,-5.82559328986775719353281E-7
1517,-5.81074993939901481643206E-7
1518,-5.79592272572152299457374E-7
1519,-5.78111160073807384091432E-7
1520,-5.76631651648744059599760E-7
1521,-5.75153742516700000479546E-7
1522,-5.73677427912830870515562E-7
1523,-5.72202703086425039809965E-7
1524,-5.70729563299930231562418E-7
1525,-5.69258003830403103217851E-7
1526,-5.67788019970783463127861E-7
1527,-5.66319607028062032221290E-7
1528,-5.64852760323584665289533E-7
1529,-5.63387475192917084817887E-7
1530,-5.61923746985097234470374E-7
1531,-5.60461571063854550904587E-7
1532,-5.59000942807980373689237E-7
1533,-5.57541857609808903029527E-7
1534,-5.56084310875623071790980E-7
1535,-5.54628298025064040198355E-7
1536,-5.53173814492219372377323E-7
1537,-5.51720855725327012373901E-7
1538,-5.50269417187257902435870E-7
1539,-5.48819494352666594883953E-7
1540,-5.47371082711263806430432E-7
1541,-5.45924177766307379056424E-7
1542,-5.44478775033979624481787E-7
1543,-5.43034870045453195989966E-7
1544,-5.41592458344170174010099E-7
1545,-5.40151535487470990498253E-7
1546,-5.38712097046128747321535E-7
1547,-5.37274138604053284123348E-7
1548,-5.35837655759314182820230E-7
1549,-5.34402644122198873385892E-7
1550,-5.32969099315854730042282E-7
1551,-5.31537016977850711212880E-7
1552,-5.30106392760097254535597E-7
1553,-5.28677222324499234406380E-7
1554,-5.27249501346785632944923E-7
1555,-5.25823225517588000249721E-7
1556,-5.24398390538365953484099E-7
1557,-5.22974992126473277064011E-7
1558,-5.21553026007781415723767E-7
1559,-5.20132487923379703380941E-7
1560,-5.18713373627947777761738E-7
1561,-5.17295678887054096827874E-7
1562,-5.15879399480526639214977E-7
1563,-5.14464531197380319428212E-7
1564,-5.13051069844638738661737E-7
1565,-5.11639011238575709686690E-7
1566,-5.10228351206828758806624E-7
1567,-5.08819085591313373050841E-7
1568,-5.07411210247465125534490E-7
1569,-5.06004721039060797489779E-7
1570,-5.04599613846638178667335E-7
1571,-5.03195884560047754541846E-7
1572,-5.01793529082561884201498E-7
1573,-5.00392543329884854915857E-7
1574,-4.98992923227698734407815E-7
1575,-4.97594664716075511701229E-7
1576,-4.96197763747070004896986E-7
1577,-4.94802216283153868881098E-7
1578,-4.93408018299303774658680E-7
1579,-4.92015165783928968486812E-7
1580,-4.90623654733639661032767E-7
1581,-4.89233481162300567918336E-7
1582,-4.8784464109012519351069E-7
1583,-4.8645713055194849871456E-7
1584,-4.8507094559321420429801E-7
1585,-4.8368608227156813823504E-7
1586,-4.8230253665751116073957E-7
1587,-4.8092030483034852795176E-7
1588,-4.7953938288322153466681E-7
1589,-4.7815976691964363458794E-7
1590,-4.7678145305397747922893E-7
1591,-4.7540443741274174572967E-7
1592,-4.7402871613321155207589E-7
1593,-4.7265428536517604149010E-7
1594,-4.7128114126908709289259E-7
1595,-4.6990928001661674776315E-7
1596,-4.6853869778873822702948E-7
1597,-4.6716939078225072670875E-7
1598,-4.6580135519975995408992E-7
1599,-4.6443458725756390209251E-7
1600,-4.6306908318270484878259E-7
1601,-4.6170483921447323644331E-7
1602,-4.6034185160035392323147E-7
1603,-4.5898011659999196885211E-7
1604,-4.5761963048595163944542E-7
1605,-4.5626038953764913795264E-7
1606,-4.5490239004697096485442E-7
1607,-4.5354562831915362856660E-7
1608,-4.5219010066642023787645E-7
1609,-4.5083580341374254393465E-7
1610,-4.4948273289646934770287E-7
1611,-4.4813088545992825079585E-7
1612,-4.4678025745936478755151E-7
1613,-4.4543084526112577677244E-7
1614,-4.4408264524456165252407E-7
1615,-4.4273565379467586812149E-7
1616,-4.4138986731076542935385E-7
1617,-4.4004528219993709254855E-7
1618,-4.3870189488230709680113E-7
1619,-4.3735970178693444618544E-7
1620,-4.3601869935192035783753E-7
1621,-4.3467888402588856342448E-7
1622,-4.3334025227087087710823E-7
1623,-4.3200280055487984908691E-7
1624,-4.3066652535833247293058E-7
1625,-4.2933142317037378068806E-7
1626,-4.2799749049174760006961E-7
1627,-4.2666472383243855854592E-7
1628,-4.2533311971072626602899E-7
1629,-4.2400267465833361780157E-7
1630,-4.2267338521356692126020E-7
1631,-4.2134524792637306011804E-7
1632,-4.2001825935598508916864E-7
1633,-4.1869241607272939726504E-7
1634,-4.1736771465448606115335E-7
1635,-4.1604415168953567126418E-7
1636,-4.1472172377732572639533E-7
1637,-4.1340042752490285681177E-7
1638,-4.1208025955109965288719E-7
1639,-4.1076121648152081244571E-7
1640,-4.0944329495443434489585E-7
1641,-4.0812649161436269156528E-7
1642,-4.0681080311728576845813E-7
1643,-4.0549622612984600332468E-7
1644,-4.0418275732501402904002E-7
1645,-4.0287039338861813764838E-7
1646,-4.0155913101166803550057E-7
1647,-4.0024896689821197069323E-7
1648,-3.9893989775919258007334E-7
1649,-3.9763192031816360493445E-7
1650,-3.9632503130211104336156E-7
1651,-3.9501922745324454954798E-7
1652,-3.9371450551956570937323E-7
1653,-3.9241086225842336347240E-7
1654,-3.9110829443642764683969E-7
1655,-3.8980679883141182513622E-7
1656,-3.8850637222525389670735E-7
1657,-3.8720701141559866471780E-7
1658,-3.8590871320306789952905E-7
1659,-3.8461147440015442364900E-7
1660,-3.8331529182729359572583E-7
1661,-3.8202016231550114736082E-7
1662,-3.8072608270250775902854E-7
1663,-3.7943304983633973751203E-7
1664,-3.7814106057062584381699E-7
1665,-3.7685011177305767393629E-7
1666,-3.7556020031583564105317E-7
1667,-3.7427132308015775350209E-7
1668,-3.7298347696021607506106E-7
1669,-3.7169665885249281831479E-7
1670,-3.7041086566732650509193E-7
1671,-3.6912609432021019070937E-7
1672,-3.6784234173623672675658E-7
1673,-3.6655960484983855308766E-7
1674,-3.6527788060316622086039E-7
1675,-3.6399716594686352413276E-7
1676,-3.6271745784133851991621E-7
1677,-3.6143875325165443290331E-7
1678,-3.6016104915517055143382E-7
1679,-3.5888434253583174932848E-7
1680,-3.5760863038652866225817E-7
1681,-3.5633390970707456626998E-7
1682,-3.5506017750774167560196E-7
1683,-3.5378743080421917668117E-7
1684,-3.5251566662405416957786E-7
1685,-3.5124488199912266050305E-7
1686,-3.4997507397261145885727E-7
1687,-3.4870623959290592620955E-7
1688,-3.4743837591936728508474E-7
1689,-3.4617148001751124102717E-7
1690,-3.4490554896169692111160E-7
1691,-3.4364057983279867949834E-7
1692,-3.4237656972140077584012E-7
1693,-3.4111351572594708177467E-7
1694,-3.3985141495167193053927E-7
1695,-3.3859026451266701098353E-7
1696,-3.3733006153098324406834E-7
1697,-3.3607080313601969186508E-7
1698,-3.3481248646474436134950E-7
1699,-3.3355510866201763245015E-7
1700,-3.3229866688094587136010E-7
1701,-3.3104315828105765103400E-7
1702,-3.2978858003160200132379E-7
1703,-3.2853492930765843424482E-7
1704,-3.2728220329461076630299E-7
1705,-3.2603039918204299553677E-7
1706,-3.2477951417000710661162E-7
1707,-3.2352954546302264306157E-7
1708,-3.2228049027629368992873E-7
1709,-3.2103234583112556714425E-7
1710,-3.1978510935512848408411E-7
1711,-3.1853877808724384441242E-7
1712,-3.1729334927036214994905E-7
1713,-3.1604882015435902581490E-7
1714,-3.1480518800028380958083E-7
1715,-3.1356245007210581977943E-7
1716,-3.1232060364436186898311E-7
1717,-3.1107964599648900679550E-7
1718,-3.0983957441911989804976E-7
1719,-3.0860038620422989868479E-7
1720,-3.0736207865656157194596E-7
1721,-3.0612464908443478757245E-7
1722,-3.0488809480708206710243E-7
1723,-3.0365241314662293603458E-7
1724,-3.0241760143448074575084E-7
1725,-3.0118365700976722662307E-7
1726,-2.9995057721791045522089E-7
1727,-2.9871835941001433753865E-7
1728,-2.9748700094743894778469E-7
1729,-2.9625649919711528580180E-7
1730,-2.9502685153152779487715E-7
1731,-2.9379805533195581002937E-7
1732,-2.9257010798531352670093E-7
1733,-2.9134300688673566760509E-7
1734,-2.9011674943767899024117E-7
1735,-2.8889133304647132413654E-7
1736,-2.8766675512802021434536E-7
1737,-2.8644301310582774639210E-7
1738,-2.8522010440724494449848E-7
1739,-2.8399802646843235436089E-7
1740,-2.8277677673234782424934E-7
1741,-2.8155635264732298972573E-7
1742,-2.8033675167028698079415E-7
1743,-2.7911797126338144153812E-7
1744,-2.7790000889628539364879E-7
1745,-2.7668286204465488390878E-7
1746,-2.7546652819186872829597E-7
1747,-2.7425100482560875624870E-7
1748,-2.7303628944410789434144E-7
1749,-2.7182237954917267851454E-7
1750,-2.7060927264911161515222E-7
1751,-2.6939696625873831682052E-7
1752,-2.6818545790228796892754E-7
1753,-2.6697474510750877050302E-7
1754,-2.6576482540950465877663E-7
1755,-2.6455569634913945376659E-7
1756,-2.6334735547453190447738E-7
1757,-2.6213980034074387460276E-7
1758,-2.6093302850755405832100E-7
1759,-2.5972703754266045829893E-7
1760,-2.5852182501879582259130E-7
1761,-2.5731738851628378286354E-7
1762,-2.5611372562204360191818E-7
1763,-2.5491083392629902413056E-7
1764,-2.5370871102983631826735E-7
1765,-2.5250735453545307155613E-7
1766,-2.5130676205638085346098E-7
1767,-2.5010693120777523446736E-7
1768,-2.4890785961483086242682E-7
1769,-2.4770954490633715614213E-7
1770,-2.4651198471828318773759E-7
1771,-2.4531517669207835667369E-7
1772,-2.4411911847616223465520E-7
1773,-2.4292380772385390927361E-7
1774,-2.4172924209625047542401E-7
1775,-2.4053541925874596702899E-7
1776,-2.3934233688296786839677E-7
1777,-2.3814999264738424645365E-7
1778,-2.3695838423716672042425E-7
1779,-2.3576750934093881160609E-7
1780,-2.3457736565712666520427E-7
1781,-2.3338795088460780403873E-7
1782,-2.3219926273280846087727E-7
1783,-2.3101129891594674355776E-7
1784,-2.2982405715194542130630E-7
1785,-2.2863753516773849618723E-7
1786,-2.2745173069403229085032E-7
1787,-2.2626664146766918974373E-7
1788,-2.2508226523197321468991E-7
1789,-2.2389859973562344391154E-7
1790,-2.2271564273202086048354E-7
1791,-2.2153339198265772473909E-7
1792,-2.2035184525132975355674E-7
1793,-2.1917100031272824515743E-7
1794,-2.1799085494191239598433E-7
1795,-2.1681140692031762806653E-7
1796,-2.1563265404026985779439E-7
1797,-2.1445459409325924541066E-7
1798,-2.1327722487833463233553E-7
1799,-2.1210054420227175735230E-7
1800,-2.1092454987584348286513E-7
1801,-2.0974923971457157754724E-7
1802,-2.0857461154250052374712E-7
1803,-2.0740066318375212941482E-7
1804,-2.0622739247422229268831E-7
1805,-2.0505479725079909897795E-7
1806,-2.0388287535771108155178E-7
1807,-2.0271162464439840944488E-7
1808,-2.0154104296511066726889E-7
1809,-2.0037112818145396726035E-7
1810,-1.9920187815764802346332E-7
1811,-1.9803329076552620475660E-7
1812,-1.9686536388005665479331E-7
1813,-1.9569809538514229294268E-7
1814,-1.9453148316449329787813E-7
1815,-1.9336552511356139715348E-7
1816,-1.9220021912844820521085E-7
1817,-1.9103556311122941382628E-7
1818,-1.8987155497054264686884E-7
1819,-1.8870819262067794147879E-7
1820,-1.8754547397880297700375E-7
1821,-1.8638339696941144736069E-7
1822,-1.8522195952104898393672E-7
1823,-1.8406115956814031102838E-7
1824,-1.8290099504918255476410E-7
1825,-1.8174146390936213006010E-7
1826,-1.8058256409892429989512E-7
1827,-1.7942429357062369057943E-7
1828,-1.7826665028469670280707E-7
1829,-1.7710963220635406807972E-7
1830,-1.7595323730464326772523E-7
1831,-1.7479746355510840099883E-7
1832,-1.7364230893786135113261E-7
1833,-1.7248777143773892818759E-7
1834,-1.7133384904512822064193E-7
1835,-1.7018053975299908043067E-7
1836,-1.6902784156297571603862E-7
1837,-1.6787575247863849958527E-7
1838,-1.6672427051156226298882E-7
1839,-1.6557339367503245067230E-7
1840,-1.6442311998765456610851E-7
1841,-1.6327344747491242560952E-7
1842,-1.6212437416635931447388E-7
1843,-1.6097589809528332126366E-7
1844,-1.5982801730169525860098E-7
1845,-1.5868072982879944660895E-7
1846,-1.5753403372500055317913E-7
1847,-1.5638792704435745275154E-7
1848,-1.5524240784394628954601E-7
1849,-1.5409747418709728207480E-7
1850,-1.5295312414064594189006E-7
1851,-1.5180935577913830238852E-7
1852,-1.5066616717789672445316E-7
1853,-1.4952355641997642738432E-7
1854,-1.4838152159179608840302E-7
1855,-1.4724006078291003671936E-7
1856,-1.4609917209034834310587E-7
1857,-1.4495885361472373007083E-7
1858,-1.4381910346074435432804E-7
1859,-1.4267991973759286654791E-7
1860,-1.4154130056153840630679E-7
1861,-1.4040324404926463684502E-7
1862,-1.3926574832510784447610E-7
1863,-1.3812881151833183947685E-7
1864,-1.3699243176061122197620E-7
1865,-1.3585660718760098828235E-7
1866,-1.3472133594309668216231E-7
1867,-1.3358661617244857133897E-7
1868,-1.3245244602582171971807E-7
1869,-1.3131882365814951708800E-7
1870,-1.3018574722984267666506E-7
1871,-1.2905321490383351484936E-7
1872,-1.2792122485073182352790E-7
1873,-1.2678977524103767802627E-7
1874,-1.2565886425191577329944E-7
1875,-1.2452849006671313552609E-7
1876,-1.2339865087043519386759E-7
1877,-1.2226934485332065599647E-7
1878,-1.2114057020948043901517E-7
1879,-1.2001232513975759522193E-7
1880,-1.1888460784688711849042E-7
1881,-1.1775741653819901201585E-7
1882,-1.1663074942545876370957E-7
1883,-1.1550460472451404516621E-7
1884,-1.1437898065596947262238E-7
1885,-1.1325387544577299331914E-7
1886,-1.1212928732295159292831E-7
1887,-1.1100521451838940970489E-7
1888,-1.0988165527252412583103E-7
1889,-1.0875860782557970872496E-7
1890,-1.0763607042330383186357E-7
1891,-1.0651404131640021357812E-7
1892,-1.0539251875848090339224E-7
1893,-1.0427150100921691593990E-7
1894,-1.0315098632832272866187E-7
1895,-1.0203097298463591251888E-7
1896,-1.0091145924910513506989E-7
1897,-9.979244339454437388301E-8
1898,-9.867392370231509353153E-8
1899,-9.755589845304413239754E-8
1900,-9.643836593598855631598E-8
1901,-9.532132444110673801120E-8
1902,-9.420477226327333277040E-8
1903,-9.308870770275995099673E-8
1904,-9.197312906089592663908E-8
1905,-9.085803464771715074496E-8
1906,-8.974342277114334993161E-8
1907,-8.862929174954268810664E-8
1908,-8.751563989865551625578E-8
1909,-8.640246554475681115915E-8
1910,-8.528976701255138130129E-8
1911,-8.417754263290592583547E-8
1912,-8.306579074297777201453E-8
1913,-8.195450967956934124107E-8
1914,-8.084369778564903868544E-8
1915,-7.973335340720498588181E-8
1916,-7.862347489605442974318E-8
1917,-7.751406060655711972315E-8
1918,-7.640510889534059073195E-8
1919,-7.529661812505861417977E-8
1920,-7.418858666256122212666E-8
1921,-7.308101287463163310322E-8
1922,-7.197389513710990259659E-8
1923,-7.086723182592957234937E-8
1924,-6.976102132306845159229E-8
1925,-6.865526201258586219059E-8
1926,-6.754995228220332830678E-8
1927,-6.644509052582271756625E-8
1928,-6.534067513796509198418E-8
1929,-6.423670451852220464281E-8
1930,-6.313317707041514499305E-8
1931,-6.203009120222412157794E-8
1932,-6.092744532433071407321E-8
1933,-5.982523784861071863866E-8
1934,-5.872346719574526467687E-8
1935,-5.762213178727211490352E-8
1936,-5.652123004692592456114E-8
1937,-5.542076040592526195931E-8
1938,-5.432072129401662662225E-8
1939,-5.322111115041042069401E-8
1940,-5.212192841328792113060E-8
1941,-5.102317152643403175386E-8
1942,-4.992483893708221999704E-8
1943,-4.882692909495816117424E-8
1944,-4.772944045419891627817E-8
1945,-4.663237147386343861125E-8
1946,-4.553572061301949254485E-8
1947,-4.443948633853618059694E-8
1948,-4.334366711712430489352E-8
1949,-4.224826142116506291031E-8
1950,-4.115326772513071571644E-8
1951,-4.005868450842872078587E-8
1952,-3.896451025194438894628E-8
1953,-3.787074344301648205402E-8
1954,-3.677738256937024925428E-8
1955,-3.568442612403815247780E-8
1956,-3.459187260331825319343E-8
1957,-3.349972050646625082244E-8
1958,-3.240796833511955672079E-8
1959,-3.131661459629121786314E-8
1960,-3.022565779918650558144E-8
1961,-2.913509645747127601529E-8
1962,-2.804492908644456821066E-8
1963,-2.695515420617583847427E-8
1964,-2.586577033999624435840E-8
1965,-2.477677601339784600802E-8
1966,-2.368816975667208769753E-8
1967,-2.259995010225432504802E-8
1968,-2.151211558701687970678E-8
1969,-2.042466475013641923927E-8
1970,-1.933759613446062864702E-8
1971,-1.825090828606843684467E-8
1972,-1.716459975488994390638E-8
1973,-1.607866909301825395880E-8
1974,-1.499311485627367827019E-8
1975,-1.390793560322398081513E-8
1976,-1.282312989756750632311E-8
1977,-1.173869630416162415097E-8
1978,-1.065463339210883597013E-8
1979,-9.57093973312668862544E-9
1980,-8.48761390236016291360E-9
1981,-7.40465447884307227887E-9
1982,-6.32206004291488714930E-9
1983,-5.23982918153082769040E-9
1984,-4.15796047942790367883E-9
1985,-3.07645252996600979983E-9
1986,-1.99530392716140363343E-9
1987,-9.1451326694049267961E-10
