Eigenstate,Energy,Kinetic Energy,Potential Energy
1,0.500000000019120422520880608955831456,0.0,0.500000000019120422520880608955831456
2,1.84623093777592271420369345870540213,1.2,0.64623093777592271420369345870540213
3,3.93633761007158891259371883040513176,3.2,0.73633761007158891259371883040513176
4,6.79966527857785132285375323125825434,6.0,0.79966527857785132285375323125825434
5,10.4480465766084166741950030485381347,9.6,0.8480465766084166741950030485381347
6,14.8870659989170611622510502181565184,14.0,0.8870659989170611622510502181565184
7,20.1197208269415378708315279347730844,19.2,0.9197208269415378708315279347730844
8,26.1477838470585767231179167861689484,25.2,0.9477838470585767231179167861689484
9,32.9723835582743347569514191071643212,32.0,0.9723835582743347569514191071643212
10,40.5942802147373086384857968632537433,39.6,0.9942802147373086384857968632537433
11,49.0140093865884871632934381930060749,48.0,1.0140093865884871632934381930060749
12,58.2319621691324642300510943243818606,57.2,1.0319621691324642300510943243818606
13,68.2484326924350204814166768691547630,67.2,1.0484326924350204814166768691547630
14,79.0636476541792789865014929380821009,78.0,1.0636476541792789865014929380821009
15,90.6777854354798865988071593759012411,89.6,1.0777854354798865988071593759012411
16,103.090988905753456872803057348325435,102.0,1.090988905753456872803057348325435
17,116.303374256180073101024129055442928,115.2,1.103374256180073101024129055442928
18,130.315037250709486993735502040405760,129.2,1.115037250709486993735502040405760
19,145.126057749165095824354793415580384,144.0,1.126057749165095824354793415580384
20,160.736503044877878584387320807106516,159.6,1.136503044877878584387320807106516
21,177.146430370768092983817035360227793,176.0,1.146430370768092983817035360227793
22,194.355888810504015472562097568480053,193.2,1.155888810504015472562097568480053
23,212.364920776438465824685477407081402,211.2,1.164920776438465824685477407081402
24,231.173563167009229252287310914794735,230.0,1.173563167009229252287310914794735
25,250.781848283534982768512709321253036,249.6,1.181848283534982768512709321253036
26,271.189804564022882920581681559973014,270.0,1.189804564022882920581681559973014
27,292.397457176131141615092332757854982,291.2,1.197457176131141615092332757854982
28,314.404828500528065950426117291186468,313.2,1.204828500528065950426117291186468
29,337.211938528094010150742909838269214,336.0,1.211938528094010150742909838269214
30,360.818805188763200127565535412220676,359.6,1.218805188763200127565535412220676
31,385.225444625656452695448249619501005,384.0,1.225444625656452695448249619501005
32,410.431871425077911883914376911375118,409.2,1.231871425077911883914376911375118
33,436.438098810639276984028256574449332,435.2,1.238098810639276984028256574449332
34,463.244138808024450702049470720035098,462.0,1.244138808024450702049470720035098
35,490.850002385568340727108180909946886,489.6,1.250002385568340727108180909946886
36,519.255699574790069141445963756778836,518.0,1.255699574790069141445963756778836
37,548.461239574216759553376881952409474,547.2,1.261239574216759553376881952409474
38,578.466630839203653090086067640811266,577.2,1.266630839203653090086067640811266
39,609.271881159958455737949459946731041,608.0,1.271881159958455737949459946731041
40,640.876997729581998734581668654422157,639.6,1.276997729581998734581668654422157
41,673.281987203620543443153832217457977,672.0,1.281987203620543443153832217457977
42,706.486855752370069538063699349853120,705.2,1.286855752370069538063699349853120
43,740.491609106966398986161532816569469,739.2,1.291609106966398986161532816569469
44,775.296252600126914292262609490795652,774.0,1.296252600126914292262609490795652
45,810.900791202272059908706208524336642,809.6,1.300791202272059908706208524336642
46,847.305229553641679426149468641776527,846.0,1.305229553641679426149468641776527
47,884.509571992927764550471538122434458,883.2,1.309571992927764550471538122434458
48,922.513822582867605506430895915665413,921.2,1.313822582867605506430895915665413
49,961.317985133176669964835369798363241,960.0,1.317985133176669964835369798363241
50,1000.92206322114641487634217483280946,999.6,1.32206322114641487634217483280946
51,1041.32606021018676863254211732754237,1040.0,1.32606021018676863254211732754237
52,1082.52997926655467576069055763349487,1081.2,1.32997926655467576069055763349487
53,1124.53382337447764623990835531615505,1123.2,1.33382337447764623990835531615505
54,1167.33759534985369039522547762529409,1166.0,1.33759534985369039522547762529409
55,1210.94129785268554483333289148147473,1209.6,1.34129785268554483333289148147473
56,1255.34493339838702031378724275375658,1254.0,1.34493339838702031378724275375658
57,1300.54850436808210348429729539002936,1299.2,1.34850436808210348429729539002936
58,1346.55201301800264722243312403022180,1345.2,1.35201301800264722243312403022180
59,1393.35546148807773037882646610651863,1392.0,1.35546148807773037882646610651863
60,1440.95885180979674320923056506314190,1439.6,1.35885180979674320923056506314190
61,1489.36218591341869055530516873497022,1488.0,1.36218591341869055530516873497022
62,1538.56546563459190382888049575664538,1537.2,1.36546563459190382888049575664538
63,1588.56869272044111096543484896152688,1587.2,1.36869272044111096543484896152688
64,1639.37186883517250103259969798545989,1638.0,1.37186883517250103259969798545989
65,1690.97499556524188533953426322607459,1689.6,1.37499556524188533953426322607459
66,1743.37807442412620955395850304046707,1742.0,1.37807442412620955395850304046707
67,1796.58110685673440904230836189718821,1795.2,1.38110685673440904230836189718821
68,1850.58409424348984348766930032353664,1849.2,1.38409424348984348766930032353664
69,1905.38703790411323416941789438275951,1904.0,1.38703790411323416941789438275951
70,1960.98993910113209902023784907749330,1959.6,1.38993910113209902023784907749330
71,2017.39279904314008187244600543049196,2016.0,1.39279904314008187244600543049196
72,2074.59561888782727406318455304038294,2073.2,1.39561888782727406318455304038294
73,2132.59839974480057356163244117403531,2131.2,1.39839974480057356163244117403531
74,2191.40114267821130793283653273462932,2190.0,1.40114267821130793283653273462932
75,2251.00384870920571635166025605070643,2249.6,1.40384870920571635166025605070643
76,2311.40651881821243632359248705603426,2310.0,1.40651881821243632359248705603426
77,2372.60915394707983837074144166070948,2371.2,1.40915394707983837074144166070948
78,2434.61175500107488614315833062336899,2433.2,1.41175500107488614315833062336899
79,2497.41432285075415259564339804785570,2496.0,1.41432285075415259564339804785570
80,2561.01685833371668474454263837193255,2559.6,1.41685833371668474454263837193255
81,2625.41936225624756017756694373010557,2624.0,1.41936225624756017756694373010557
82,2690.62183539486021703911202339155770,2689.2,1.42183539486021703911202339155770
83,2756.62427849774495047976781037937914,2755.2,1.42427849774495047976781037937914
84,2823.42669228613034426699000248323152,2822.0,1.42669228613034426699000248323152
85,2891.02907745556384697773274263451037,2889.6,1.42907745556384697773274263451037
86,2959.43143467711718632845216736243805,2958.0,1.43143467711718632845216736243805
87,3028.63376459852185772709068954016369,3027.2,1.43376459852185772709068954016369
88,3098.63606784523949975391623102192945,3097.2,1.43606784523949975391623102192945
89,3169.43834502147158577592913155846771,3168.0,1.43834502147158577592913155846771
90,3241.04059671111251768282019416621562,3239.6,1.44059671111251768282019416621562
91,3313.44282347864988628041266590833401,3312.0,1.44282347864988628041266590833401
92,3386.64502587001537457998181134236520,3385.2,1.44502587001537457998181134236520
93,3460.64720441338951796679013867351594,3459.2,1.44720441338951796679013867351594
94,3535.44935961996329230243822644168733,3534.0,1.44935961996329230243822644168733
95,3611.05149198465927986160210098856677,3609.6,1.45149198465927986160210098856677
96,3687.45360198681496118161169735723558,3686.0,1.45360198681496118161169735723558
97,3764.65569009083049656121532052582271,3763.2,1.45569009083049656121532052582271
98,3842.65775674678318807058033788557683,3841.2,1.45775674678318807058033788557683
99,3921.45980239101065946239119597062426,3920.0,1.45980239101065946239119597062426
100,4001.06182744666464503348980199514200,3999.6,1.46182744666464503348980199514200
101,4081.46383232423714918234881071880793,4080.0,1.46383232423714918234881071880793
102,4162.66581742206061283294731106729475,4161.2,1.46581742206061283294731106729475
103,4244.66778312678361498200549525342380,4243.2,1.46778312678361498200549525342380
104,4327.46972981382353036182450814072005,4326.0,1.46972981382353036182450814072005
105,4411.07165784779747113722075828030371,4409.6,1.47165784779747113722075828030371
106,4495.47356758293274979080027193791090,4494.0,1.47356758293274979080027193791090
107,4580.67545936345802226886325110104697,4579.2,1.47545936345802226886325110104697
108,4666.67733352397619122067461073049891,4665.2,1.47733352397619122067461073049891
109,4753.47919038982008057030211941333140,4752.0,1.47919038982008057030211941333140
110,4841.08103027739183024009869240295044,4839.6,1.48103027739183024009869240295044
111,4929.48285349448689398370686887151825,4928.0,1.48285349448689398370686887151825
112,5018.68466034060347385283005057416442,5017.2,1.48466034060347385283005057416442
113,5108.68645110723816928622096619934948,5107.2,1.48645110723816928622096619934948
114,5199.48822607816857005158151891774479,5198.0,1.48822607816857005158151891774479
115,5291.08998552972348182256558102088332,5289.6,1.48998552972348182256558102088332
116,5383.49172973104142484142810512578418,5382.0,1.49172973104142484142810512578418
117,5476.69345894431801440485712138153421,5475.2,1.49345894431801440485712138153421
118,5570.69517342504279087941964410171527,5569.2,1.49517342504279087941964410171527
119,5665.49687342222603323933621364322108,5664.0,1.49687342222603323933621364322108
120,5761.09855917861606427706380565350058,5759.6,1.49855917861606427706380565350058
121,5857.50023093090751736992262006060304,5856.0,1.50023093090751736992262006060304
122,5954.70188890994101577286948276985147,5953.2,1.50188890994101577286948276985147
123,6052.70353334089468321458857341750670,6051.2,1.50353334089468321458857341750670
124,6151.50516444346788689426154893248617,6150.0,1.50516444346788689426154893248617
125,6251.10678243205758441011603205597144,6249.6,1.50678243205758441011603205597144
126,6351.50838751592763095355385025003495,6350.0,1.50838751592763095355385025003495
127,6452.70997989937138252477403250511668,6451.2,1.50997989937138252477403250511668
128,6554.71155978186790833861568343585165,6553.2,1.51155978186790833861568343585165
129,6657.51312735823211351610773146510854,6656.0,1.51312735823211351610773146510854
130,6761.11468281875905477534530054317852,6759.6,1.51468281875905477534530054317852
131,6865.51622634936271643119436485408806,6864.0,1.51622634936271643119436485408806
132,6970.71775813170949903612554899815311,6969.2,1.51775813170949903612554899815311
133,7076.71927834334666121289399927325987,7075.2,1.51927834334666121289399927325987
134,7183.52078715782594395382336676124361,7182.0,1.52078715782594395382336676124361
135,7291.12228474482258855310947204224051,7289.6,1.52228474482258855310947204224051
136,7399.52377127024995565102886245739252,7398.0,1.52377127024995565102886245739252
137,7508.72524689636993956099386384383064,7507.2,1.52524689636993956099386384383064
138,7618.72671178189935843840516437116393,7617.2,1.52671178189935843840516437116393
139,7729.52816608211249874434730761742486,7728.0,1.52816608211249874434730761742486
140,7841.12960994893997701120424666450438,7839.6,1.52960994893997701120424666450438
141,7953.53104353106407735978214070982457,7952.0,1.53104353106407735978214070982457
142,8066.73246697401071514425945784914617,8065.2,1.53246697401071514425945784914617
143,8180.73388042023816845111524971315667,8179.2,1.53388042023816845111524971315667
144,8295.53528400922271199854933785624693,8294.0,1.53528400922271199854933785624693
145,8411.13667787754128379514922197558013,8409.6,1.53667787754128379514922197558013
146,8527.53806215895130704780745844023991,8526.0,1.53806215895130704780745844023991
147,8644.73943698446778160592732770207790,8643.2,1.53943698446778160592732770207790
148,8762.74080248243776027092125165296393,8761.2,1.54080248243776027092125165296393
149,8881.54215877861231177193211768688565,8880.0,1.54215877861231177193211768688565
150,9001.14350599621607404863055325700174,8999.6,1.54350599621607404863055325700174
151,9121.54484425601449375531725815990668,9120.0,1.54484425601449375531725815990668
152,9242.74617367637884228547506830312863,9241.2,1.54617367637884228547506830312863
153,9364.74749437334909726643859408145822,9363.2,1.54749437334909726643859408145822
154,9487.54880646069477342339730206305047,9486.0,1.54880646069477342339730206305047
155,9611.15011004997378104869821407083255,9609.6,1.55011004997378104869821407083255
156,9735.55140525058938994278426213216798,9734.0,1.55140525058938994278426213216798
157,9860.75269216984536987334429632954820,9859.2,1.55269216984536987334429632954820
158,9986.75397091299937937074832134159467,9985.2,1.55397091299937937074832134159467
159,10113.5552415833146665325734783715683,10112.0,1.5552415833146665325734783715683
160,10241.1565042821101481747306166203217,10239.6,1.5565042821101481747306166203217
161,10369.5577591088089258252825120642796,10368.0,1.5577591088089258252825120642796
162,10498.7590061609852980220252551636903,10497.2,1.5590061609852980220252551636903
163,10628.7602455344103237671021669521663,10627.2,1.5602455344103237671021669521663
164,10759.5614773230959917752153838956917,10758.0,1.5614773230959917752153838956917
165,10891.1627016193380441156227934237658,10889.6,1.5627016193380441156227934237658
166,11023.5639185137575047634791699991514,11022.0,1.5639185137575047634791699991514
167,11156.7651280953409602928110260174766,11155.2,1.5651280953409602928110260174766
168,11290.7663304514796354000087503399284,11289.2,1.5663304514796354000087503399284
169,11425.5675256680073083198966903045534,11424.0,1.5675256680073083198966903045534
170,11561.1687138292371058774669303810331,11559.6,1.5687138292371058774669303810331
171,11697.5698950179972183697075896675002,11696.0,1.5698950179972183697075896675002
172,11834.7710693156655721441535899003380,11833.2,1.5710693156655721441535899003380
173,11972.7722368022034952764606348611702,11971.2,1.5722368022034952764606348611702
174,12111.5733975561884121904864083290290,12110.0,1.5733975561884121904864083290290
175,12251.1745516548456012057819718457136,12249.6,1.5745516548456012057819718457136
176,12391.5756991740790447188161114809956,12390.0,1.5756991740790447188161114809956
177,12532.7768401885014052784400608102310,12531.2,1.5768401885014052784400608102310
178,12674.7779747714631567099586900016705,12673.2,1.5779747714631567099586900016705
179,12817.5791029950808967327238743592754,12816.0,1.5791029950808967327238743592754
180,12961.1802249302648720176187967890963,12959.6,1.5802249302648720176187967890963
181,13105.5813406467457383329891672564942,13104.0,1.5813406467457383329891672564942
182,13250.7824502131005834743765212640047,13249.2,1.5824502131005834743765212640047
183,13396.7835536967782360272973020894080,13395.2,1.5835536967782360272973020894080
184,13543.5846511641238842045734171924943,13542.0,1.5846511641238842045734171924943
185,13691.1857426804030265663072161545960,13689.6,1.5857426804030265663072161545960
186,13839.5868283098247755910897762645392,13838.0,1.5868283098247755910897762645392
187,13988.7879081155645378989092870378474,13987.2,1.5879081155645378989092870378474
188,14138.7889821597860865620432497972063,14137.2,1.5889821597860865620432497972063
189,14289.5900505036630492349913896305143,14288.0,1.5900505036630492349913896305143
190,14441.1911132073998277544929659909692,14439.6,1.5911132073998277544929659909692
191,14593.5921703302519684321459711017087,14592.0,1.5921703302519684321459711017087
192,14746.7932219305459994217962295317183,14745.2,1.5932219305459994217962295317183
193,14900.7942680656987534655086816825645,14899.2,1.5942680656987534655086816825645
194,15055.5953087922361893588672521196905,15054.0,1.5953087922361893588672521196905
195,15211.1963441658117300679252208207200,15209.6,1.5963441658117300679252208207200
196,15367.5973742412241311896686326504239,15366.0,1.5973742412241311896686326504239
197,15524.7983990724348941312758630707222,15523.2,1.5983990724348941312758630707222
198,15682.7994187125852381701143300419846,15681.2,1.5994187125852381701143300419846
199,15841.6004332140126442282896927432031,15840.0,1.6004332140126442282896927432031
200,16001.2014426282669843019083668526639,15999.6,1.6014426282669843019083668526639
201,16161.6024470061262475214319798796969,16160.0,1.6024470061262475214319798796969
202,16322.8034463976118762192349728321986,16321.2,1.6034463976118762192349728321986
203,16484.8044408520037226590471557006244,16483.2,1.6044408520037226590471557006244
204,16647.6054304178546380421425926576278,16646.0,1.6054304178546380421425926576278
205,16811.2064151430047037555866679206837,16809.6,1.6064151430047037555866679206837
206,16975.6073950745951178812380613596615,16974.0,1.6073950745951178812380613596615
207,17140.8083702590817428361309733995545,17139.2,1.6083702590817428361309733995545
208,17306.8093407422483283656420227045040,17305.2,1.6093407422483283656420227045040
209,17473.6103065692194156322692381353883,17472.0,1.6103065692194156322692381353883
210,17641.2112677844729338956219937590005,17639.6,1.6112677844729338956219937590005
211,17809.6122244318524971425781253029443,17808.0,1.6122244318524971425781253029443
212,17978.8131765545794108947300944728135,17977.2,1.6131765545794108947300944728135
213,18148.8141241952643935710079926385414,18147.2,1.6141241952643935710079926385414
214,18319.6150673959190273811626841181785,18318.0,1.6150673959190273811626841181785
215,18491.2160061979669379563335930761478,18489.6,1.6160061979669379563335930761478
216,18663.6169406422547166711514398833304,18662.0,1.6169406422547166711514398833304
217,18836.8178707690625896164110894377749,18835.2,1.6178707690625896164110894377749
218,19010.8187966181148421947572785256887,19009.2,1.6187966181148421947572785256887
219,19185.6197182285900026123117973232727,19184.0,1.6197182285900026123117973232727
220,19361.2206356391307967743625324747356,19359.6,1.6206356391307967743625324747356
221,19537.6215488878538724873967151801105,19536.0,1.6215488878538724873967151801105
222,19714.8224580123593101648361646603600,19713.2,1.6224580123593101648361646603600
223,19892.8233630497399135972980347421024,19891.2,1.6233630497399135972980347421024
224,20071.6242640365902958466714285207565,20070.0,1.6242640365902958466714285207565
225,20251.2251610090157628205444097228252,20249.6,1.6251610090157628205444097228252
226,20431.6260540026409980649142758696160,20430.0,1.6260540026409980649142758696160
227,20612.8269430526185574180193965572487,20611.2,1.6269430526185574180193965572487
228,20794.8278281936371753354837930912748,20793.2,1.6278281936371753354837930912748
229,20977.6287094599298900389095769423360,20976.0,1.6287094599298900389095769423360
230,21161.2295868852819921741453069613948,21159.6,1.6295868852819921741453069613948
231,21345.6304605030387987684845141357712,21344.0,1.6304605030387987684845141357712
232,21530.8313303461132628956987158146656,21529.2,1.6313303461132628956987158146656
233,21716.8321964469934140343928196789221,21715.2,1.6321964469934140343928196789221
234,21903.6330588377496452657321433662916,21902.0,1.6330588377496452657321433662916
235,22091.2339175500418404816241771073621,22089.6,1.6339175500418404816241771073621
236,22279.6347726151263513021063613682402,22278.0,1.6347726151263513021063613682402
237,22468.8356240638628273220495548019180,22467.2,1.6356240638628273220495548019180
238,22658.8364719267209014181706265764064,22657.2,1.6364719267209014181706265764064
239,22849.6373162337867355519160878066628,22848.0,1.6373162337867355519160878066628
240,23041.2381570147694292216151496444179,23039.6,1.6381570147694292216151496444179
241,23233.6389942990072948452317982013975,23232.0,1.6389942990072948452317982013975
242,23426.8398281154740029296465308654401,23425.2,1.6398281154740029296465308654401
243,23620.8406584927846010572209460809042,23619.2,1.6406584927846010572209460809042
244,23815.6414854592014083778610603042013,23814.0,1.6414854592014083778610603042013
245,24011.2423090426397899796695030079136,24009.6,1.6423090426397899796695030079136
246,24207.6431292706738136567332461738900,24206.0,1.6431292706738136567332461738900
247,24404.8439461705417904558113257396965,24403.2,1.6439461705417904558113257396965
248,24602.8447597691517065824553262506720,24601.2,1.6447597691517065824553262506720
249,24801.6455700930865416350567385820750,24800.0,1.6455700930865416350567385820750
250,25001.2463771686094835509201356871825,24999.6,1.6463771686094835509201356871825
251,25201.6471810216690381637676241011645,25200.0,1.6471810216690381637676241011645
252,25402.8479816779040361705675919288974,25401.2,1.6479816779040361705675919288974
253,25604.8487791626485425792842339844237,25603.2,1.6487791626485425792842339844237
254,25807.6495735009366682937981424447432,25806.0,1.6495735009366682937981424447432
255,26011.2503647175072877154204864158499,26009.6,1.6503647175072877154204864158499
256,26215.6511528368086624457607394777648,26214.0,1.6511528368086624457607394777648
257,26420.8519378830029774816854564706471,26419.2,1.6519378830029774816854564706471
258,26626.8527198799707863464199347047020,26625.2,1.6527198799707863464199347047020
259,26833.6534988513153719596363165319104,26832.0,1.6534988513153719596363165319104
260,27041.2542748203670236322255363693889,27039.6,1.6542748203670236322255363693889
261,27249.6550478101872304988033868478953,27248.0,1.6550478101872304988033868478953
262,27458.8558178435727961126756334709740,27457.2,1.6558178435727961126756334709740
263,27668.8565849430598730531419611901661,27667.2,1.6565849430598730531419611901661
264,27879.6573491309279229952896480584318,27878.0,1.6573491309279229952896480584318
265,28091.2581104292036007668021283656358,28089.6,1.6581104292036007668021283656358
266,28303.6588688596645645588125449717695,28302.0,1.6588688596645645588125449717695
267,28516.8596244438432155033319138012637,28515.2,1.6596244438432155033319138012637
268,28730.8603772030303666502483876906569,28729.2,1.6603772030303666502483876906569
269,28945.6611271582788456130943677736734,28944.0,1.6611271582788456130943677736734
270,29161.2618743304070266070030257054474,29159.6,1.6618743304070266070030257054474
271,29377.6626187400023011620879981225566,29376.0,1.6626187400023011620879981225566
272,29594.8633604074244814910876065814437,29593.2,1.6633604074244814910876065814437
273,29812.8640993528091439536650238374869,29811.2,1.6640993528091439536650238374869
274,30031.6648355960709098256589183344183,30030.0,1.6648355960709098256589183344183
275,30251.2655691569066672481408055529859,30249.6,1.6655691569066672481408055529859
276,30471.6663000547987326339081443409400,30470.0,1.6663000547987326339081443409400
277,30692.8670283090179590147037923791419,30691.2,1.6670283090179590147037923791419
278,30914.8677539386267830830857899590004,30913.2,1.6677539386267830830857899590004
279,31137.6684769624822224313926912124536,31136.0,1.6684769624822224313926912124536
280,31361.2691973992388150806502923517921,31359.6,1.6691973992388150806502923517921
281,31585.6699152673515091882234157102422,31584.0,1.6699152673515091882234157102422
282,31810.8706305850785004304611484910643,31809.2,1.6706305850785004304611484910643
283,32036.8713433704840202727621442309901,32035.2,1.6713433704840202727621442309901
284,32263.6720536414410722835755656843561,32262.0,1.6720536414410722835755656843561
285,32491.2727614156341232995782053906280,32489.6,1.6727614156341232995782053906280
286,32719.6734667105617454667534132647926,32718.0,1.6734667105617454667534132647926
287,32948.8741695435392142166431100528796,32947.2,1.6741695435392142166431100528796
288,33178.8748699317010585795289491993497,33177.2,1.6748699317010585795289491993497
289,33409.6755678920035684825870674539604,33408.0,1.6755678920035684825870674539604
290,33641.2762634412272597655236837453675,33639.6,1.6762634412272597655236837453675
291,33873.6769565959792947546120580927372,33872.0,1.6769565959792947546120580927372
292,34106.8776473726958612800171662239317,34105.2,1.6776473726958612800171662239317
293,34340.8783357876445140421630979995762,34339.2,1.6783357876445140421630979995762
294,34575.6790218569264733640374962533079,34574.0,1.6790218569264733640374962533079
295,34811.2797055964788834165579752368211,34809.6,1.6797055964788834165579752368211
296,35047.6803870220770375025404928355832,35046.0,1.6803870220770375025404928355832
297,35284.8810661493365603309744294582068,35283.2,1.6810661493365603309744294582068
298,35522.8817429937155565983355871462719,35521.2,1.6817429937155565983355871462719
299,35761.6824175705167226797723532923724,35760.0,1.6824175705167226797723532923724
300,36001.2830898948894231807478816253858,35999.6,1.6830898948894231807478816253858
301,36241.6837599818317327605535317591134,36240.0,1.6837599818317327605535317591134
302,36482.8844278461924453206035032610609,36481.2,1.6844278461924453206035032610609
303,36724.8850935026730477306164987689335,36723.2,1.6850935026730477306164987689335
304,36967.6857569658296616701911711235881,36966.0,1.6857569658296616701911711235881
305,37211.2864182500749550142787073780195,37209.6,1.6864182500749550142787073780195
306,37455.6870773696800220257495479199450,37454.0,1.6870773696800220257495479199450
307,37700.8877343387762295370046258014523,37699.2,1.6877343387762295370046258014523
308,37946.8883891713570365990567136387360,37945.2,1.6883891713570365990567136387360
309,38193.6890418812797836873441337650090,38192.0,1.6890418812797836873441337650090
310,38441.2896924822674517994206035674706,38439.6,1.6896924822674517994206035674706
311,38689.6903409879103950394206006750237,38688.0,1.6903409879103950394206006750237
312,38938.8909874116680442024300245228336,38937.2,1.6909874116680442024300245228336
313,39188.8916317668705827515078013906188,39187.2,1.6916317668705827515078013906188
314,39439.6922740667205969916290353539590,39438.0,1.6922740667205969916290353539590
315,39691.2929143242946997601897067551826,39689.6,1.6929143242946997601897067551826
316,39943.6935525525451290097121039026210,39942.0,1.6935525525451290097121039026210
317,40196.8941887643013188213524898508635,40195.2,1.6941887643013188213524898508635
318,40450.8948229722714482004535790698704,40449.2,1.6948229722714482004535790698704
319,40705.6954551890439647957002997175300,40704.0,1.6954551890439647957002997175300
320,40961.2960854270890835431343090229589,40959.6,1.6960854270890835431343090229589
321,41217.6967136987602641539586414326540,41216.0,1.6967136987602641539586414326540
322,41474.8973400162956635605602298935413,41473.2,1.6973400162956635605602298935413
323,41732.8979643918195668347865368372633,41731.2,1.6979643918195668347865368372633
324,41991.6985868373437955556129525660256,41990.0,1.6985868373437955556129525660256
325,42251.2992073647690953881787349335118,42249.6,1.6992073647690953881787349335118
326,42511.6998259858865011114150601751750,42510.0,1.6998259858865011114150601751750
327,42772.9004427123786819150175418582676,42771.2,1.7004427123786819150175418582676
328,43034.9010575558212641549550345220987,43033.2,1.7010575558212641549550345220987
329,43297.7016705276841365423695613217477,43296.0,1.7016705276841365423695613217477
330,43561.3022816393327341975308598906216,43559.6,1.7022816393327341975308598906216
331,43825.7028909020293030074182322343506,43824.0,1.7028909020293030074182322343506
332,44090.9034983269341453481505778630804,44089.2,1.7034983269341453481505778630804
333,44356.9041039251068475507990678933590,44355.2,1.7041039251068475507990678933590
334,44623.7047077075074872945845484205456,44622.0,1.7047077075074872945845484205456
335,44891.3053096849978252423712863560260,44889.6,1.7053096849978252423712863560260
336,45159.7059098683424769764873208570751,45158.0,1.7059098683424769764873208570751
337,45428.9065082682100681070962190226963,45427.2,1.7065082682100681070962190226963
338,45698.9071048951743736119508812077625,45697.2,1.7071048951743736119508812077625
339,45969.7076997597154374720150040249629,45968.0,1.7076997597154374720150040249629
340,46241.3082928722206786942713282327657,46239.6,1.7082928722206786942713282327657
341,46513.7088842429859794352725583630740,46512.0,1.7088842429859794352725583630740
342,46786.9094738822167577225633086836408,46785.2,1.7094738822167577225633086836408
343,47060.9100618000290244117405800343102,47059.2,1.7100618000290244117405800343102
344,47335.7106480064504243728383178942631,47334.0,1.7106480064504243728383178942631
345,47611.3112325114212637253489852454710,47609.6,1.7112325114212637253489852454710
346,47887.7118153247955205966553909397372,47886.0,1.7118153247955205966553909397372
347,48164.9123964563418429692097108272567,48163.2,1.7123964563418429692097108272567
348,48442.9129759157445304281625102871192,48441.2,1.7129759157445304281625102871192
349,48721.7135537126045033543446002733725,48720.0,1.7135537126045033543446002733725
350,49001.3141298564402571049208056323625,48999.6,1.7141298564402571049208056323625
351,49281.7147043566888032692982685563433,49280.0,1.7147043566888032692982685563433
352,49562.9152772227065976826328768252661,49561.2,1.7152772227065976826328768252661
353,49844.9158484637704544812911579086632,49843.2,1.7158484637704544812911579086632
354,50127.7164180890784476147227910650011,50126.0,1.7164180890784476147227910650011
355,50411.3169861077508001790071144804026,50409.6,1.7169861077508001790071144804026
356,50695.7175525288307597818412560677963,50694.0,1.7175525288307597818412560677963
357,50980.9181173612854631779944368528244,50979.2,1.7181173612854631779944368528244
358,51266.9186806140067894192152222504225,51265.2,1.7186806140067894192152222504225
359,51553.7192422958121972637168240388670,51552.0,1.7192422958121972637168240388670
360,51841.3198024154455557831459104187019,51839.6,1.7198024154455557831459104187019
361,52129.7203609815779599118903098113894,52128.0,1.7203609815779599118903098113894
362,52418.9209180028085374203130281478448,52417.2,1.7209180028085374203130281478448
363,52708.9214734876652419075123394769947,52707.2,1.7214734876652419075123394769947
364,52999.7220274446056368375896372716680,52998.0,1.7220274446056368375896372716680
365,53291.3225798820176688557797722142371,53289.6,1.7225798820176688557797722142371
366,53583.7231308082204292621015420810296,53582.0,1.7231308082204292621015420810296
367,53876.9236802314649065345270311493852,53875.2,1.7236802314649065345270311493852
368,54170.9242281599347266903872937566675,54169.2,1.7242281599347266903872937566675
369,54465.7247746017468861185489920911689,54464.0,1.7247746017468861185489920911689
370,54761.3253195649524725955259072942550,54759.6,1.7253195649524725955259072942550
371,55057.7258630575373773388242729954913,55056.0,1.7258630575373773388242729954913
372,55354.9264050874229970539907256933096,55353.2,1.7264050874229970539907256933096
373,55652.9269456624669259420678647139565,55651.2,1.7269456624669259420678647139565
374,55951.7274847904636419759273455287428,55950.0,1.7274847904636419759273455287428
375,56251.3280224791451781370399316279788,56249.6,1.7280224791451781370399316279788
376,56551.7285587361817900688882874947274,56550.0,1.7285587361817900688882874947274
377,56852.9290935691826119362234314396483,56851.2,1.7290935691826119362234314396483
378,57154.9296269856963036575663492296254,57153.2,1.7296269856963036575663492296254
379,57457.7301589932116913507465826917448,57456.0,1.7301589932116913507465826917448
380,57761.3306895991583977482327805805816,57759.6,1.7306895991583977482327805805816
381,58065.7312188109074654576813852774796,58064.0,1.7312188109074654576813852774796
382,58370.9317466357719701858629724396363,58369.2,1.7317466357719701858629724396363
383,58676.9322730810076286006183399250583,58675.2,1.7322730810076286006183399250583
384,58983.7327981538133957945346682596298,58982.0,1.7327981538133957945346682596298
385,59291.3333218613320559715861489488925,59289.6,1.7333218613320559715861489488925
386,59599.7338442106508070153812253475051,59598.0,1.7338442106508070153812253475051
387,59908.9343652088018346883412101748977,59907.2,1.7343652088018346883412101748977
388,60218.9348848627628803985967406226872,60217.2,1.7348848627628803985967406226872
389,60529.7354031794578032092753319495852,60528.0,1.7354031794578032092753319495852
390,60841.3359201657571332792725594291112,60839.6,1.7359201657571332792725594291112
391,61153.7364358284786170524333230828682,61152.0,1.7364358284786170524333230828682
392,61466.9369501743877578035060589195451,61465.2,1.7369501743877578035060589195451
393,61780.9374632101983490143408782774247,61779.2,1.7374632101983490143408782774247
394,62095.7379749425729991614134077627147,62094.0,1.7379749425729991614134077627147
395,62411.3384853781236507715309977930586,62409.6,1.7384853781236507715309977930586
396,62727.7389945234120933965728056720882,62726.0,1.7389945234120933965728056720882
397,63044.9395023849504701371552455088124,63043.2,1.7395023849504701371552455088124
398,63362.9400089692017777233406198673405,63361.2,1.7400089692017777233406198673405
399,63681.7405142825803587181633990885975,63680.0,1.7405142825803587181633990885975
400,64001.3410183314523901439144518888972,63999.6,1.7410183314523901439144518888972
401,64321.7415211221363645800860813029507,64320.0,1.7415211221363645800860813029507
402,64642.9420226609035644781766249667639,64641.2,1.7420226609035644781766249667639
403,64964.9425229539785325140773119863845,64963.2,1.7425229539785325140773119863845
404,65287.7430220075395358711132122881968,65286.0,1.7430220075395358711132122881968
405,65611.3435198277190219191660884296861,65609.6,1.7435198277190219191660884296861
406,65935.7440164206040713988957090694221,65934.0,1.7440164206040713988957090694221
407,66260.9445117922368462277619813946440,66259.2,1.7445117922368462277619813946440
408,66586.9450059486150294310239193333428,66585.2,1.7450059486150294310239193333428
409,66913.7454988956922600587743290488113,66912.0,1.7454988956922600587743290488113
410,67241.3459906393785656034706962758407,67239.6,1.7459906393785656034706962758407
411,67569.7464811855407861779617804033412,67568.0,1.7464811855407861779617804033412
412,67898.9469705400029940365813531580014,67897.2,1.7469705400029940365813531580014
413,68228.9474587085469095183501584018633,68227.2,1.7474587085469095183501584018633
414,68559.7479456969123098361131692286581,68558.0,1.7479456969123098361131692286581
415,68891.3484315107974349955567575404079,68889.6,1.7484315107974349955567575404079
416,69223.7489161558593872737200553524880,69222.0,1.7489161558593872737200553524880
417,69556.9493996377145271054689547555430,69555.2,1.7493996377145271054689547555430
418,69890.9498819619388625411508955441854,69889.2,1.7498819619388625411508955441854
419,70225.7503631340684365539233843656066,70224.0,1.7503631340684365539233843656066
420,70561.3508431595997071786597700024042,70559.6,1.7508431595997071786597700024042
421,70897.7513220439899244345977162744885,70896.0,1.7513220439899244345977162744885
422,71234.9517997926575033133137476768991,71233.2,1.7517997926575033133137476768991
423,71572.9522764109823906681456284378757,71571.2,1.7522764109823906681456284378757
424,71911.7527519043064296187682865859993,71910.0,1.7527519043064296187682865859993
425,72251.3532262779337178502639349108173,72249.6,1.7532262779337178502639349108173
426,72591.7536995371309634135074919175480,72590.0,1.7536995371309634135074919175480
427,72932.9541716871278355114768608586890,72931.2,1.7541716871278355114768608586890
428,73274.9546427331173102851563515156111,73273.2,1.7546427331173102851563515156111
429,73617.7551126802560155114002011677375,73616.0,1.7551126802560155114002011677375
430,73961.3555815336645670748414419289928,73959.6,1.7555815336645670748414419289928
431,74305.7560492984279047174788401953451,74304.0,1.7560492984279047174788401953451
432,74650.9565159795956242154353845157014,74649.2,1.7565159795956242154353845157014
433,74996.9569815821823013207629217942018,74995.2,1.7569815821823013207629217942018
434,75343.7574461111678185662081126979004,75342.0,1.7574461111678185662081126979004
435,75691.3579095714976827565912156567445,75689.6,1.7579095714976827565912156567445
436,76039.7583719680833410477650335853425,76038.0,1.7583719680833410477650335853425
437,76388.9588333058024937744999311719541,76387.2,1.7588333058024937744999311719541
438,76738.9592935894994030093354267075618,76737.2,1.7592935894994030093354267075618
439,77089.7597528239851975336781681184887,77088.0,1.7597528239851975336781681184887
440,77441.3602110140381752923350553044860,77439.6,1.7602110140381752923350553044860
441,77793.7606681644041004913090060824755,77792.0,1.7606681644041004913090060824755
442,78146.9611242797964989024778456569111,78145.2,1.7611242797964989024778456569111
443,78500.9615793648969510228257717862307,78499.2,1.7615793648969510228257717862307
444,78855.7620334243553777075715945166083,78854.0,1.7620334243553777075715945166083
445,79211.3624864627903276078253834273221,79209.6,1.7624864627903276078253834273221
446,79567.7629384847892574370949938566143,79566.0,1.7629384847892574370949938566143
447,79924.9633894949088122357835617916632,79923.2,1.7633894949088122357835617916632
448,80282.9638394976750988518501644125844,80281.2,1.7638394976750988518501644125844
449,80641.7642884975839604781099572592663,80640.0,1.7642884975839604781099572592663
450,81001.3647364991012443985850458446887,80999.6,1.7647364991012443985850458446887
451,81361.7651835066630704469707079134256,81360.0,1.7651835066630704469707079134256
452,81722.9656295246760930185348330804838,81721.2,1.7656295246760930185348330804838
453,82084.9660745575177623784913342490694,82083.2,1.7660745575177623784913342490694
454,82447.7665186095365816557655209027313,82446.0,1.7665186095365816557655209027313
455,82811.3669616850523631459917022324512,82809.6,1.7669616850523631459917022324512
456,83175.7674037883564792207101542152436,83174.0,1.7674037883564792207101542152436
457,83540.9678449237121125384379202905541,83539.2,1.7678449237121125384379202905541
458,83906.9682850953545019534765957057034,83905.2,1.7682850953545019534765957057034
459,84273.7687243074911866363488410089102,84272.0,1.7687243074911866363488410089102
460,84641.3691625643022480481724734286265,84639.6,1.7691625643022480481724734286265
461,85009.7695998699405476186628435519410,85008.0,1.7695998699405476186628435519410
462,85378.9700362285319633407790166952892,85377.2,1.7700362285319633407790166952892
463,85748.9704716441756238857496961734326,85747.2,1.7704716441756238857496961734326
464,86119.7709061209441383993493402155661,86118.0,1.7709061209441383993493402155661
465,86491.3713396628838259481238458981188,86489.6,1.7713396628838259481238458981188
466,86863.7717722740149417462266189304444,86862.0,1.7717722740149417462266189304444
467,87236.9722039583318994433443930340857,87235.2,1.7722039583318994433443930340857
468,87610.9726347198034944893163358147633,87609.2,1.7726347198034944893163358147633
469,87985.7730645623731210521060578699935,87984.0,1.7730645623731210521060578699935
470,88361.3734934899589900136290737113450,88359.6,1.7734934899589900136290737113450
471,88737.7739215064543423105040586326070,88736.0,1.7739215064543423105040586326070
472,89114.9743486157276619173010211041199,89113.2,1.7743486157276619173010211041199
473,89492.9747748216228838231492487304452,89491.2,1.7747748216228838231492487304452
474,89871.7752001279596045056590809465314,89870.0,1.7752001279596045056590809465314
475,90251.3756245385332838248719213687329,90249.6,1.7756245385332838248719213687329
476,90631.7760480571154508510029057144734,90630.0,1.7760480571154508510029057144734
477,91012.9764706874539039589313704874762,91011.2,1.7764706874539039589313704874762
478,91394.9768924332729098653851227123862,91393.2,1.7768924332729098653851227123862
479,91777.7773132982734004981599120458887,91776.0,1.7773132982734004981599120458887
480,92161.3777332861331680919113356493968,92159.6,1.7777332861331680919113356493968
481,92545.7781524005070570613500931418708,92544.0,1.7781524005070570613500931418708
482,92930.9785706450271562205816667169545,92929.2,1.7785706450271562205816667169545
483,93316.9789880233029867285424031053813,93315.2,1.7789880233029867285424031053813
484,93703.7794045389216885802390471808687,93702.0,1.7794045389216885802390471808687
485,94091.3798201954482071206209020690962,94089.6,1.7798201954482071206209020690962
486,94479.7802349964254741658284192530031,94478.0,1.7802349964254741658284192530031
487,94868.9806489453745905805513581028403,94867.2,1.7806489453745905805513581028403
488,95258.9810620457950049079321830821044,95257.2,1.7810620457950049079321830821044
489,95649.7814743011646912800630794170427,95648.0,1.7814743011646912800630794170427
490,96041.3818857149403244720683750479951,96039.6,1.7818857149403244720683750479951
491,96433.7822962905574542339190230177007,96432.0,1.7822962905574542339190230177007
492,96826.9827060314306774880286577889657,96825.2,1.7827060314306774880286577889657
493,97220.9831149409538083674987416985281,97219.2,1.7831149409538083674987416985281
494,97615.7835230225000471889107098000234,97614.0,1.7835230225000471889107098000234
495,98011.3839302794221465520150455074715,98009.6,1.7839302794221465520150455074715
496,98407.7843367150525778105913710602355,98406.0,1.7843367150525778105913710602355
497,98804.9847423327036935998500481251595,98803.2,1.7847423327036935998500481251595
498,99202.9851471356678903654758541297393,99201.2,1.7851471356678903654758541297393
499,99601.7855511272177683914802598875652,99600.0,1.7855511272177683914802598875652
500,100001.385954310606291457175634852899,99999.6,1.785954310606291457175634852899
501,100401.786356689066941869122811660557,100400.0,1.786356689066941869122811660557
502,100802.986758265813878323040115439157,100801.2,1.786758265813878323040115439157
503,101204.987159044042088063605227368493,101203.2,1.787159044042088063605227368493
504,101607.787559026927541185787892989544,101606.0,1.787559026927541185787892989544
505,102011.387958217627339924975874157863,102009.6,1.787958217627339924975874157863
506,102415.788356619279868665774479355882,102414.0,1.788356619279868665774479355882
507,102820.988754235004942517295653234585,102819.2,1.788754235004942517295653234585
508,103226.989151067903954094680986351932,103225.2,1.789151067903954094680986351932
509,103633.789547121060016737529388523782,103632.0,1.789547121060016737529388523782
510,104041.389942397538110218244445824142,104039.6,1.789942397538110218244445824142
511,104449.790336900385222171151795322451,104448.0,1.790336900385222171151795322451
512,104858.990730632630489142355623094430,104857.2,1.790730632630489142355623094430
513,105268.991123597285335875842756666164,105267.2,1.791123597285335875842756666164
514,105679.791515797343613512068983092324,105678.0,1.791515797343613512068983092324
515,106091.391907235781737073096436194375,106089.6,1.791907235781737073096436194375
516,106503.792297915558820444442729588752,106502.0,1.792297915558820444442729588752
517,106916.992687839616809928203239926377,106915.2,1.792687839616809928203239926377
518,107330.993077010880618152656319000409,107329.2,1.793077010880618152656319000409
519,107745.793465432258255120118594373131,107744.0,1.793465432258255120118594373131
520,108161.393853106640959249877550645778,108159.6,1.793853106640959249877550645778
521,108577.794240036903325211254065184138,108576.0,1.794240036903325211254065184138
522,108994.994626225903432822819971452322,108993.2,1.794626225903432822819971452322
523,109412.995011676482973454752180320378,109411.2,1.795011676482973454752180320378
524,109831.795396391467375348891024652937,109830.0,1.795396391467375348891024652937
525,110251.395780373665928227509656098952,110249.6,1.795780373665928227509656098952
526,110671.796163625871904690652287300060,110670.0,1.796163625871904690652287300060
527,111092.996546150862685172557650961999,111091.2,1.796546150862685172557650961999
528,111514.996927951399875765316993964477,111513.2,1.796927951399875765316993964477
529,111937.797309030229428889678792027256,111936.0,1.797309030229428889678792027256
530,112361.397689390081762184115273728746,112359.6,1.797689390081762184115273728746
531,112785.798069033671875599937205668830,112784.0,1.798069033671875599937205668830
532,113210.998447963699467437783169579830,113209.2,1.798447963699467437783169579830
533,113636.998826182849049288244526458778,113635.2,1.798826182849049288244526458778
534,114063.799203693790060275690486195385,114062.0,1.799203693790060275690486195385
535,114491.399580499176981296252496266057,114489.6,1.799580499176981296252496266057
536,114919.799956601649444609483890244572,114918.0,1.799956601649444609483890244572
537,115349.000332003832346286411149002638,115347.2,1.800332003832346286411149002638
538,115779.000706708335956156633735635672,115777.2,1.800706708335956156633735635672
539,116209.801080717756026323763926279864,116208.0,1.801080717756026323763926279864
540,116641.401454034673899329877624465226,116639.6,1.801454034673899329877624465226
541,117073.801826661656613807224238057667,117072.0,1.801826661656613807224238057667
542,117507.002198601257012276038504981826,117505.2,1.802198601257012276038504981826
543,117941.002569856013844311362998186345,117939.2,1.802569856013844311362998186345
544,118375.802940428451871830442968678416,118374.0,1.802940428451871830442968678416
545,118811.403310321081970821628288665925,118809.6,1.803310321081970821628288665925
546,119247.803679536401234494447951487041,119246.0,1.803679536401234494447951487041
547,119685.004048076893074293160511612710,119683.2,1.804048076893074293160511612710
548,120123.004415945027318758754454824946,120121.2,1.804415945027318758754454824946
549,120561.804783143260314530329616565623,120560.0,1.804783143260314530329616565623
550,121001.405149674035023795630513780173,120999.6,1.805149674035023795630513780173
551,121441.805515539781122427076683136154,121440.0,1.805515539781122427076683136154
552,121883.005880742915095270782022935099,121881.2,1.805880742915095270782022935099
553,122325.006245285840333229028875070177,122323.2,1.806245285840333229028875070177
554,122767.806609170947227117366808627426,122766.0,1.806609170947227117366808627426
555,123211.406972400613262954211220406011,123209.6,1.806972400613262954211220406011
556,123655.807334977203114392122550410173,123654.0,1.807334977203114392122550410173
557,124101.007696903068734427891102754166,124099.2,1.807696903068734427891102754166
558,124547.008058180549447840110468933517,124545.2,1.808058180549447840110468933517
559,124993.808418811972041467516214509462,124992.0,1.808418811972041467516214509462
560,125441.408778799650854139957660465701,125439.6,1.808778799650854139957660465701
561,125889.809138145887866612011995874729,125888.0,1.809138145887866612011995874729
562,126339.009496852972787550221641272572,126337.2,1.809496852972787550221641272572
563,126789.009854923183144184153629364461,126787.2,1.809854923183144184153629364461
564,127239.810212358784365802465648709036,127238.0,1.810212358784365802465648709036
565,127691.410569162029872963230682287122,127689.6,1.810569162029872963230682287122
566,128143.810925335161159915553883471948,128142.0,1.810925335161159915553883471948
567,128597.011280880407880960236524426888,128595.2,1.811280880407880960236524426888
568,129051.011635799987932876515846347665,129049.2,1.811635799987932876515846347665
569,129505.811990096107539123978616752149,129504.0,1.811990096107539123978616752149
570,129961.412343770961330487532864334013,129959.6,1.812343770961330487532864334013
571,130417.812696826732428574383455674884,130416.0,1.812696826732428574383455674884
572,130875.013049265592525020772698105727,130873.2,1.813049265592525020772698105727
573,131333.013401089701962489980992510473,131331.2,1.813401089701962489980992510473
574,131791.813752301209813885908724391898,131790.0,1.813752301209813885908724391898
575,132251.414102902253961195809080539065,132249.6,1.814102902253961195809080539065
576,132711.814452894961173282618726395876,132710.0,1.814452894961173282618726395876
577,133173.014802281447183301500619001437,133171.2,1.814802281447183301500619001437
578,133635.015151063816765771731782608013,133633.2,1.815151063816765771731782608013
579,134097.815499244163812211842983854315,134096.0,1.815499244163812211842983854315
580,134561.415846824571407136543579721811,134559.6,1.815846824571407136543579721811
581,135025.816193807111901553688763704578,135024.0,1.816193807111901553688763704578
582,135491.016540193846988604525923359722,135489.2,1.816540193846988604525923359722
583,135957.016885986827776697912913104367,135955.2,1.816885986827776697912913104367
584,136423.817231188094861226520292834900,136422.0,1.817231188094861226520292834900
585,136891.417575799678398774111721558529,136889.6,1.817575799678398774111721558529
586,137359.817919823598175968839467150921,137358.0,1.817919823598175968839467150921
587,137829.018263261863683702536858172913,137827.2,1.818263261863683702536858172913
588,138299.018606116474184549394438537064,138297.2,1.818606116474184549394438537064
589,138769.818948389418785192092138056016,138768.0,1.818948389418785192092138056016
590,139241.419290082676503853941341904794,139239.6,1.819290082676503853941341904794
591,139713.819631198216339505672526383112,139712.0,1.819631198216339505672526383112
592,140187.019971737997340375181059286143,140185.2,1.819971737997340375181059286143
593,140661.020311703968670651179243989105,140659.2,1.820311703968670651179243989105
594,141135.820651098069677913651596813827,141134.0,1.820651098069677913651596813827
595,141611.420989922229959137928933048224,141609.6,1.820989922229959137928933048224
596,142087.821328178369427413410189948762,142086.0,1.821328178369427413410189948762
597,142565.021665868398375436015532239884,142563.2,1.821665868398375436015532239884
598,143043.022002994217542948266086979776,143041.2,1.822002994217542948266086979776
599,143521.822339557718177737043973580017,143520.0,1.822339557718177737043973580017
600,144001.422675560782101997396771152577,143999.6,1.822675560782101997396771152577
601,144481.823011005281773694728762910483,144480.0,1.823011005281773694728762910483
602,144963.023345893080350070589038604096,144961.2,1.823345893080350070589038604096
603,145445.023680226031749001270114064563,145443.2,1.823680226031749001270114064563
604,145927.824014005980712154392360299707,145926.0,1.824014005980712154392360299707
605,146411.424347234762863493185163488361,146409.6,1.824347234762863493185163488361
606,146895.824679914204772790801642513036,146894.0,1.824679914204772790801642513036
607,147381.025012046124013058209876004418,147379.2,1.825012046124013058209876004418
608,147867.025343632329221921761574683821,147865.2,1.825343632329221921761574683821
609,148353.825674674620159770595943326061,148352.0,1.825674674620159770595943326061
610,148841.426005174787768632617435831371,148839.6,1.826005174787768632617435831371
611,149329.826335134614230689757697608665,149328.0,1.826335134614230689757697608665
612,149819.026664555873026072323033911253,149817.2,1.826664555873026072323033911253
613,150309.026993440328988158442256168707,150307.2,1.826993440328988158442256168707
614,150799.827321789738363174577928492322,150798.0,1.827321789738363174577928492322
615,151291.427649605848864413870541506350,151289.6,1.827649605848864413870541506350
616,151783.827976890399728626192221560921,151782.0,1.827976890399728626192221560921
617,152277.028303645121771675071700085475,152275.2,1.828303645121771675071700085475
618,152771.028629871737443842063957409079,152769.2,1.828629871737443842063957409079
619,153265.828955571960883002359858188306,153264.0,1.828955571960883002359858188306
620,153761.429280747497969210770090593617,153759.6,1.829280747497969210770090593617
621,154257.829605400046379311230655358960,154256.0,1.829605400046379311230655358960
622,154755.029929531295639024093532658202,154753.2,1.829929531295639024093532658202
623,155253.030253142927176125346370244175,155251.2,1.830253142927176125346370244175
624,155751.830576236614372546045107941060,155750.0,1.830576236614372546045107941060
625,156251.430898814022617191801187925040,156249.6,1.830898814022617191801187925040
626,156751.831220876809355899471265609446,156750.0,1.831220876809355899471265609446
627,157253.031542426624143910415341484080,157251.2,1.831542426624143910415341484080
628,157755.031863465108695829158014069005,157753.2,1.831863465108695829158014069005
629,158257.832183993896937021424266601370,158256.0,1.832183993896937021424266601370
630,158761.432504014615051795943518652770,158759.6,1.832504014615051795943518652770
631,159265.832823528881534092129972803746,159264.0,1.832823528881534092129972803746
632,159771.033142538307237093291641817003,159769.2,1.833142538307237093291641817003
633,160277.033461044495421058801564153658,160275.2,1.833461044495421058801564153658
634,160783.833779049041801514182859826251,160782.0,1.833779049041801514182859826251
635,161291.434096553534598158531145848939,161289.6,1.834096553534598158531145848939
636,161799.834413559554581628082601933158,161798.0,1.834413559554581628082601933158
637,162309.034730068675121337030321013590,162307.2,1.834730068675121337030321013590
638,162819.035046082462232964069625633228,162817.2,1.835046082462232964069625633228
639,163329.835361602474623076141033430103,163328.0,1.835361602474623076141033430103
640,163841.435676630263736980472056980109,163839.6,1.835676630263736980472056980109
641,164353.835991167373804420562870995575,164352.0,1.835991167373804420562870995575
642,164867.036305215341883861042720976161,164865.2,1.836305215341883861042720976161
643,165381.036618775697908912246196991028,165379.2,1.836618775697908912246196991028
644,165895.836931849964732248762709993871,165894.0,1.836931849964732248762709993871
645,166411.437244439658170615729797490313,166409.6,1.837244439658170615729797490313
646,166927.837556546287049114803414454171,166926.0,1.837556546287049114803414454171
647,167445.037868171353243345717627502274,167443.2,1.837868171353243345717627502274
648,167963.038179316351724420149342565345,167961.2,1.838179316351724420149342565345
649,168481.838489982770602184384379104591,168480.0,1.838489982770602184384379104591
650,169001.438800172091167012106783202386,168999.6,1.838800172091167012106783202386
651,169521.839109885787932682139006460084,169520.0,1.839109885787932682139006460084
652,170043.039419125328678529739841219096,170041.2,1.839419125328678529739841219096
653,170565.039727892174491260553563495886,170563.2,1.839727892174491260553563495886
654,171087.840036187779806040981644770580,171086.0,1.840036187779806040981644770580
655,171611.440344013592448306864672987782,171609.6,1.840344013592448306864672987782
656,172135.840651371053674507640742869635,172134.0,1.840651371053674507640742869635
657,172661.040958261598212140877018544020,172659.2,1.840958261598212140877018544020
658,173187.041264686654300492123276393352,173185.2,1.841264686654300492123276393352
659,173713.841570647643730321251731868719,173712.0,1.841570647643730321251731868719
660,174241.441876145981884261027257445866,174239.6,1.841876145981884261027257445866
661,174769.842181183077774708329972615908,174768.0,1.842181183077774708329972615908
662,175299.042485760334084948281487119550,175297.2,1.842485760334084948281487119550
663,175829.042789879147205990525112028028,175827.2,1.842789879147205990525112028028
664,176359.843093540907276259485363112034,176358.0,1.843093540907276259485363112034
665,176891.443396746998219149100479721941,176889.6,1.843396746998219149100479721941
666,177423.843699498797781304221594846723,177422.0,1.843699498797781304221594846723
667,177957.044001797677570892465586803696,177955.2,1.844001797677570892465586803696
668,178491.044303645003093382968743753226,178489.2,1.844303645003093382968743753226
669,179025.844605042133790191927058775688,179024.0,1.844605042133790191927058775688
670,179561.444905990423075176830715121577,179559.6,1.844905990423075176830715121577
671,180097.845206491218370432615398132135,180096.0,1.845206491218370432615398132135
672,180635.045506545861143515753736445438,180633.2,1.845506545861143515753736445438
673,181173.045806155686942885440113003557,181171.2,1.845806155686942885440113003557
674,181711.846105322025434419056941132642,181710.0,1.846105322025434419056941132642
675,182251.446404046200436143004215454087,182249.6,1.846404046200436143004215454087
676,182791.846702329529953691318402919830,182790.0,1.846702329529953691318402919830
677,183333.047000173326215757751884454523,183331.2,1.847000173326215757751884454523
678,183875.047297578895708490815579090076,183873.2,1.847297578895708490815579090076
679,184417.847594547539210242016666876861,184416.0,1.847594547539210242016666876861
680,184961.447891080551825249408669371328,184959.6,1.847891080551825249408669371328
681,185505.848187179223018749089236618574,185504.0,1.848187179223018749089236618574
682,186051.048482844836649606918505925013,186049.2,1.848482844836649606918505925013
683,186597.048778078671004720393732592593,186595.2,1.848778078671004720393732592593
684,187143.849072881998832009728031313160,187142.0,1.849072881998832009728031313160
685,187691.449367256087373404009878510241,187689.6,1.849367256087373404009878510241
686,188239.849661202198397486440066506924,188238.0,1.849661202198397486440066506924
687,188789.049954721588232847389477601187,188787.2,1.849954721588232847389477601187
688,189339.050247815507800024087561202793,189337.2,1.850247815507800024087561202793
689,189889.850540485202643073048968122029,189888.0,1.850540485202643073048968122029
690,190441.450832731912962591897969222350,190439.6,1.850832731912962591897969222350
691,190993.851124556873646599747560390026,190992.0,1.851124556873646599747560390026
692,191547.051415961314302838037811490900,191545.2,1.851415961314302838037811490900
693,192101.051706946459289307950432463982,192099.2,1.851706946459289307950432463982
694,192655.851997513527745159528431277965,192654.0,1.851997513527745159528431277965
695,193211.452287663733621954130999861533,193209.6,1.852287663733621954130999861533
696,193767.852577398285714913733839035670,193766.0,1.852577398285714913733839035670
697,194325.052866718387692406566726758724,194323.2,1.852866718387692406566726758724
698,194883.053155625238126152433833915368,194881.2,1.853155625238126152433833915368
699,195441.853444120030522131384816594352,195440.0,1.853444120030522131384816594352
700,196001.453732203953348662138091845884,195999.6,1.853732203953348662138091845884
701,196561.854019878190068400263553212422,196560.0,1.854019878190068400263553212422
702,197123.054307143919165347896909409601,197121.2,1.854307143919165347896909409601
703,197685.054594002314175799347680213619,197683.2,1.854594002314175799347680213619
704,198247.854880454543716428212392724603,198246.0,1.854880454543716428212392724603
705,198811.455166501771513461244672490955,198809.6,1.855166501771513461244672490955
706,199375.855452145156431140066046247195,199374.0,1.855452145156431140066046247195
707,199941.055737385852499476223403354212,199939.2,1.855737385852499476223403354212
708,200507.056022225008944148164429385321,200505.2,1.856022225008944148164429385321
709,201073.856306663770213208220120080090,201072.0,1.856306663770213208220120080090
710,201641.456590703276005201876620788492,201639.6,1.856590703276005201876620788492
711,202209.856874344661296599782754703139,202208.0,1.856874344661296599782754703139
712,202779.057157589056370293710722197066,202777.2,1.857157589056370293710722197066
713,203349.057440437586841250007667543546,203347.2,1.857440437586841250007667543546
714,203919.857722891373685026813346744450,203918.0,1.857722891373685026813346744450
715,204491.458004951533264509832332209157,204489.6,1.858004951533264509832332209157
716,205063.858286619177356657053342902349,205062.0,1.858286619177356657053342902349
717,205637.058567895413178179982082884344,205635.2,1.858567895413178179982082884344
718,206211.058848781343412658564831081967,206209.2,1.858848781343412658564831081967
719,206785.859129278066237310843892013719,206784.0,1.859129278066237310843892013719
720,207361.459409386675347980936819303047,207359.6,1.859409386675347980936819303047
721,207937.859689108259986280275901777140,207936.0,1.859689108259986280275901777140
722,208515.059968443904963875100014481743,208513.2,1.859968443904963875100014481743
723,209093.060247394690689645899434307243,209091.2,1.860247394690689645899434307243
724,209671.860525961693193637506927829006,209670.0,1.860525961693193637506927829006
725,210251.460804145984153157208613047328,210249.6,1.860804145984153157208613047328
726,210831.861081948630918178278129724493,210830.0,1.861081948630918178278129724493
727,211413.061359370696535305242433728237,211411.2,1.861359370696535305242433728237
728,211995.061636413239773194276356018586,211993.2,1.861636413239773194276356018586
729,212577.861913077315146902298458621796,212576.0,1.861913077315146902298458621796
730,213161.462189363972942601070537505762,213159.6,1.862189363972942601070537505762
731,213745.862465274259241952227740818089,213744.0,1.862465274259241952227740818089
732,214331.062740809215945408655838792728,214329.2,1.862740809215945408655838792728
733,214917.063015969880798033032469018180,214915.2,1.863015969880798033032469018180
734,215503.863290757287411395157516631121,215502.0,1.863290757287411395157516631121
735,216091.463565172465287977637664912773,216089.6,1.863565172465287977637664912773
736,216679.863839216439845598747729876364,216678.0,1.863839216439845598747729876364
737,217269.064112890232439331308185089111,217267.2,1.864112890232439331308185089111
738,217859.064386194860386304045595468889,217857.2,1.864386194860386304045595468889
739,218449.864659131336987648479865755329,218448.0,1.864659131336987648479865755329
740,219041.464931700671552239846321587563,219039.6,1.864931700671552239846321587563
741,219633.865203903869419746885295838373,219632.0,1.865203903869419746885295838373
742,220227.065475741931981527378262923796,220225.2,1.865475741931981527378262923796
743,220821.065747215856706562402614378979,220819.2,1.865747215856706562402614378979
744,221415.866018326637160233021677754720,221414.0,1.866018326637160233021677754720
745,222011.466289075263029556363575955014,222009.6,1.866289075263029556363575955014
746,222607.866559462720143068684568613618,222606.0,1.866559462720143068684568613618
747,223205.066829489990495716395368280419,223203.2,1.866829489990495716395368280419
748,223803.067099158052267334686820161598,223801.2,1.867099158052267334686820161598
749,224401.867368467879847216787618305636,224400.0,1.867368467879847216787618305636
750,225001.467637420443854393250810393243,224999.6,1.867637420443854393250810393243
751,225601.867906016711160083186660170812,225600.0,1.867906016711160083186660170812
752,226203.068174257644908004004394938796,226201.2,1.868174257644908004004394938796
753,226805.068442144204536844140023950999,226803.2,1.868442144204536844140023950999
754,227407.868709677345800247154485592935,227406.0,1.868709677345800247154485592935
755,228011.468976858020789307445352303694,228009.6,1.868976858020789307445352303694
756,228615.869243687177951866680831888227,228614.0,1.869243687177951866680831888227
757,229221.069510165762115392044800122406,229219.2,1.869510165762115392044800122406
758,229827.069776294714505235486421732248,229825.2,1.869776294714505235486421732248
759,230433.870042074972767898430429529678,230432.0,1.870042074972767898430429529678
760,231041.470307507470988954587108207962,231039.6,1.870307507470988954587108207962
761,231649.870572593139715276798227374758,231648.0,1.870572593139715276798227374758
762,232259.070837332905974416358784794149,232257.2,1.870837332905974416358784794149
763,232869.071101727693294724889769442287,232867.2,1.871101727693294724889769442287
764,233479.871365778421726544239790475780,233478.0,1.871365778421726544239790475780
765,234091.471629486007859855385647438560,234089.6,1.871629486007859855385647438560
766,234703.871892851364846583290744968872,234702.0,1.871892851364846583290744968872
767,235317.072155875402418981988940714047,235315.2,1.872155875402418981988940714047
768,235931.072418559026909831540071143968,235929.2,1.872418559026909831540071143968
769,236545.872680903141270859143504607312,236544.0,1.872680903141270859143504607312
770,237161.472942908645093333137547353279,237159.6,1.872942908645093333137547353279
771,237777.873204576434627224499124092243,237776.0,1.873204576434627224499124092243
772,238395.073465907402800043532066063284,238393.2,1.873465907402800043532066063284
773,239013.073726902439235336962029471900,239011.2,1.873726902439235336962029471900
774,239631.873987562430273704218049370833,239630.0,1.873987562430273704218049370833
775,240251.474247888258989894865019285034,240249.6,1.874247888258989894865019285034
776,240871.874507880805212430812154905766,240870.0,1.874507880805212430812154905766
777,241493.074767540945541820464062544952,241491.2,1.874767540945541820464062544952
778,242115.075026869553369865689554662890,242113.2,1.875026869553369865689554662890
779,242737.875285867498897908917170693364,242736.0,1.875285867498897908917170693364
780,243361.475544535649155109364493320956,243359.6,1.875544535649155109364493320956
781,243985.875802874868017094080231333265,243984.0,1.875802874868017094080231333265
782,244611.076060886016224267280061667918,244609.2,1.876060886016224267280061667918
783,245237.076318569951399795424285450510,245235.2,1.876318569951399795424285450510
784,245863.876575927528068316569802006288,245862.0,1.876575927528068316569802006288
785,246491.476832959597672892008802733051,246489.6,1.876832959597672892008802733051
786,247119.877089667008594124393758886485,247118.0,1.877089667008594124393758886485
787,247749.077346050606166792953930184326,247747.2,1.877346050606166792953930184326
788,248379.077602111232699377206846013176,248377.2,1.877602111232699377206846013176
789,249009.877857849727489669361084949275,249008.0,1.877857849727489669361084949275
790,249641.478113266926845057592787476548,249639.6,1.878113266926845057592787476548
791,250273.878368363664097108591033505024,250272.0,1.878368363664097108591033505024
792,250907.078623140769620839388524712693,250905.2,1.878623140769620839388524712693
793,251541.078877599070852564703524830608,251539.2,1.878877599070852564703524830608
794,252175.879131739392305278168737588363,252174.0,1.879131739392305278168737588363
795,252811.479385562555587997717339819917,252809.6,1.879385562555587997717339819917
796,253447.879639069379421903489745654496,253446.0,1.879639069379421903489745654496
797,254085.079892260679657946431914187689,254083.2,1.879892260679657946431914187689
798,254723.080145137269292696347409895448,254721.2,1.880145137269292696347409895448
799,255361.880397699958487073908735490155,255360.0,1.880397699958487073908735490155
800,256001.480649949554582248943714133764,255999.6,1.880649949554582248943714133764
801,256641.880901886862117004681584817838,256640.0,1.880901886862117004681584817838
802,257283.081153512682843701014082849858,257281.2,1.881153512682843701014082849858
803,257925.081404827815746404521667354701,257923.2,1.881404827815746404521667354701
804,258567.881655833057055486737063781708,258566.0,1.881655833057055486737063781708
805,259211.481906529200266891798862148989,259209.6,1.881906529200266891798862148989
806,259855.882156917036156790008740634728,259854.0,1.882156917036156790008740634728
807,260501.082406997352798414127732594072,260499.2,1.882406997352798414127732594072
808,261147.082656770935578925317644479058,261145.2,1.882656770935578925317644479058
809,261793.882906238567215949986626986081,261792.0,1.882906238567215949986626986081
810,262441.483155401027772727405542018934,262439.6,1.883155401027772727405542018934
811,263089.883404259094676158516856623128,263088.0,1.883404259094676158516856623128
812,263739.083652813542731294863202504271,263737.2,1.883652813542731294863202504271
813,264389.083901065144139105742169233292,264387.2,1.883901065144139105742169233292
814,265039.884149014668511758364936646791,265038.0,1.884149014668511758364936646791
815,265691.484396662882888662869707048453,265689.6,1.884396662882888662869707048453
816,266343.884644010551752557417254652150,266342.0,1.884644010551752557417254652150
817,266997.084891058437046334259874747929,266995.2,1.884891058437046334259874747929
818,267651.085137807298187774866739308302,267649.2,1.885137807298187774866739308302
819,268305.885384257892086102996737497569,268304.0,1.885384257892086102996737497569
820,268961.485630410973158224702997589578,268959.6,1.885630410973158224702997589578
821,269617.885876267293343582161702292831,269616.0,1.885876267293343582161702292831
822,270275.086121827602121192929079552288,270273.2,1.886121827602121192929079552288
823,270933.086367092646524230988919176083,270931.2,1.886367092646524230988919176083
824,271591.886612063171156078985139753047,271590.0,1.886612063171156078985139753047
825,272251.486856739918207503455919016373,272249.6,1.886856739918207503455919016373
826,272911.887101123627469582419127311072,272910.0,1.887101123627469582419127311072
827,273573.087345215036352041858574186731,273571.2,1.887345215036352041858574186731
828,274235.087589014879896996079801696534,274233.2,1.887589014879896996079801696534
829,274897.887832523890795234955893372734,274896.0,1.887832523890795234955893372734
830,275561.488075742799401848886853300286,275559.6,1.888075742799401848886853300286
831,276225.888318672333751901805075460535,276224.0,1.888318672333751901805075460535
832,276891.088561313219575440795288016686,276889.2,1.888561313219575440795288016686
833,277557.088803666180313635760993459274,277555.2,1.888803666180313635760993459274
834,278223.889045731937133533188261430413,278222.0,1.889045731937133533188261430413
835,278891.489287511208943944654092458579,278889.6,1.889287511208943944654092458579
836,279559.889529004712410675829094430836,279558.0,1.889529004712410675829094430836
837,280229.089770213161972162389343702580,280227.2,1.889770213161972162389343702580
838,280899.090011137269855172041278946478,280897.2,1.890011137269855172041278946478
839,281569.890251777746089133529577318851,281568.0,1.890251777746089133529577318851
840,282241.490492135298522661210707141826,282239.6,1.890492135298522661210707141826
841,282913.890732210632838015734357467632,282912.0,1.890732210632838015734357467632
842,283587.090972004452567748001653361965,283585.2,1.890972004452567748001653361965
843,284261.091211517459108570174302492685,284259.2,1.891211517459108570174302492685
844,284935.891450750351737418010129606177,284934.0,1.891450750351737418010129606177
845,285611.491689703827626873221455959940,285609.6,1.891689703827626873221455959940
846,286287.891928378581860654530967810650,286286.0,1.891928378581860654530967810650
847,286965.092166775307448098955732311989,286963.2,1.892166775307448098955732311989
848,287643.092404894695341227389107936495,287641.2,1.892404894695341227389107936495
849,288321.892642737434448290700193036344,288320.0,1.892642737434448290700193036344
850,289001.492880304211650262505977180487,288999.6,1.892880304211650262505977180487
851,289681.893117595711815613800823021202,289680.0,1.893117595711815613800823021202
852,290363.093354612617816594124457460918,290361.2,1.893354612617816594124457460918
853,291045.093591355610543445469705614671,291043.2,1.893591355610543445469705614671
854,291727.893827825368920839442773427923,291726.0,1.893827825368920839442773427923
855,292411.494064022569922611860178444470,292409.6,1.894064022569922611860178444470
856,293095.894299947888587648320702620905,293094.0,1.894299947888587648320702620905
857,293781.094535601998035500109130242610,293779.2,1.894535601998035500109130242610
858,294467.094770985569481368611458566678,294465.2,1.894770985569481368611458566678
859,295153.895006099272252248780649947366,295152.0,1.895006099272252248780649947366
860,295841.495240943773802095850066547963,295839.6,1.895240943773802095850066547963
861,296529.895475519739728150541885849451,296528.0,1.895475519739728150541885849451
862,297219.095709827833784500341275910865,297217.2,1.895709827833784500341275910865
863,297909.095943868717900382174733702942,297907.2,1.895943868717900382174733702942
864,298599.896177643052194653738153430953,298598.0,1.896177643052194653738153430953
865,299291.496411151494991430060128792212,299289.6,1.896411151494991430060128792212
866,299983.896644394702835475150651076028,299982.0,1.896644394702835475150651076028
867,300677.096877373330509833538514239300,300675.2,1.896877373330509833538514239300
868,301371.097110088031049992272450546445,301369.2,1.897110088031049992272450546445
869,302065.897342539455759591025279661958,302064.0,1.897342539455759591025279661958
870,302761.497574728254228376424419762358,302759.6,1.897574728254228376424419762358
871,303457.897806655074346343620496287556,303456.0,1.897806655074346343620496287556
872,304155.098038320562320500431102883056,304153.2,1.898038320562320500431102883056
873,304853.098269725362691738202849817714,304851.2,1.898269725362691738202849817714
874,305551.898500870118349685317547483881,305550.0,1.898500870118349685317547483881
875,306251.498731755470550187639797247451,306249.6,1.898731755470550187639797247451
876,306951.898962382058931124233976457670,306950.0,1.898962382058931124233976457670
877,307653.099192750521529068824860859265,307651.2,1.899192750521529068824860859265
878,308355.099422861494795724802202380169,308353.2,1.899422861494795724802202380169
879,309057.899652715613614497213027596442,309056.0,1.899652715613614497213027596442
880,309761.499882313511316837684918613440,309759.6,1.899882313511316837684918613440
881,310465.900111655819700172642381898934,310464.0,1.900111655819700172642381898934
882,311171.100340743169043818702667834232,311169.2,1.900340743169043818702667834232
883,311877.100569576188125767601005947882,311875.2,1.900569576188125767601005947882
884,312583.900798155504240328316575659148,312582.0,1.900798155504240328316575659148
885,313291.501026481743215577506442477825,313289.6,1.901026481743215577506442477825
886,313999.901254555529429888090820170052,313998.0,1.901254555529429888090820170052
887,314709.101482377485829328326991615511,314707.2,1.901482377485829328326991615511
888,315419.101709948233945953115144780263,315417.2,1.901709948233945953115144780263
889,316129.901937268393914824726158677794,316128.0,1.901937268393914824726158677794
890,316841.502164338584491565016207304336,316839.6,1.902164338584491565016207304336
891,317553.902391159423070800022310976976,317552.0,1.902391159423070800022310976976
892,318267.102617731525704072226511419184,318265.2,1.902617731525704072226511419184
893,318981.102844055507117577059409949283,318979.2,1.902844055507117577059409949283
894,319695.903070131980730444414149513217,319694.0,1.903070131980730444414149513217
895,320411.503295961558673932626565337297,320409.6,1.903295961558673932626565337297
896,321127.903521544851809388475599432437,321126.0,1.903521544851809388475599432437
897,321845.103746882469746409448856859389,321843.2,1.903746882469746409448856859389
898,322563.103971975020863002609154826705,322561.2,1.903971975020863002609154826705
899,323281.904196823112324164458205079659,323280.0,1.904196823112324164458205079659
900,324001.504421427350099969447717030678,323999.6,1.904421427350099969447717030678
901,324721.904645788338987096694609645157,324720.0,1.904645788338987096694609645157
902,325443.104869906682627358741562560986,325441.2,1.904869906682627358741562560986
903,326165.105093782983526122218903360084,326163.2,1.905093782983526122218903360084
904,326887.905317417843074887565009554134,326886.0,1.905317417843074887565009554134
905,327611.505540811861569829068714069505,327609.6,1.905540811861569829068714069505
906,328335.905763965638232012281089533936,328334.0,1.905763965638232012281089533936
907,329061.105986879771229305553477815746,329059.2,1.905986879771229305553477815746
908,329787.106209554857695332613695169096,329785.2,1.906209554857695332613695169096
909,330513.906431991493752624986494798897,330512.0,1.906431991493752624986494798897
910,331241.506654190274531408021456927984,331239.6,1.906654190274531408021456927984
911,331969.906876151794194037356626555795,331968.0,1.906876151794194037356626555795
912,332699.107097876645953999375789521023,332697.2,1.907097876645953999375789521023
913,333429.107319365422100209166377693999,333427.2,1.907319365422100209166377693999
914,334159.907540618714017338982275590893,334158.0,1.907540618714017338982275590893
915,334891.507761637112209310976282658746,334889.6,1.907761637112209310976282658746
916,335623.907982421206322753408040480456,335622.0,1.907982421206322753408040480456
917,336357.108202971585169001346136783648,336355.2,1.908202971585169001346136783648
918,337091.108423288836747863059007472863,337089.2,1.908423288836747863059007472863
919,337825.908643373548271733447728333218,337824.0,1.908643373548271733447728333218
920,338561.508863226306188992738956220112,338559.6,1.908863226306188992738956220112
921,339297.909082847696208837479167986958,339296.0,1.909082847696208837479167986958
922,340035.109302238303325420620911020680,340033.2,1.909302238303325420620911020680
923,340773.109521398711843796819233051039,340771.2,1.909521398711843796819233051039
924,341511.909740329505404477910452037849,341510.0,1.909740329505404477910452037849
925,342251.509959031267009824017507478911,342249.6,1.909959031267009824017507478911
926,342991.910177504579049779428103436170,342990.0,1.910177504579049779428103436170
927,343733.110395750023328380702134622431,343731.2,1.910395750023328380702134622431
928,344475.110613768181090713230242946694,344473.2,1.910613768181090713230242946694
929,345217.910831559633050314209560998273,345216.0,1.910831559633050314209560998273
930,345961.511049124959416673620084250823,345959.6,1.911049124959416673620084250823
931,346705.911266464739923933596858496148,346704.0,1.911266464739923933596858496148
932,347451.111483579553859345999435184579,347449.2,1.911483579553859345999435184579
933,348197.111700469980091882945851062346,348195.2,1.911700469980091882945851062346
934,348943.911917136597102784002969040137,348942.0,1.911917136597102784002969040137
935,349691.512133579983014128989248394061,349689.6,1.912133579983014128989248394061
936,350439.912349800715620812477871283277,350438.0,1.912349800715620812477871283277
937,351189.112565799372420933240841211560,351187.2,1.912565799372420933240841211560
938,351939.112781576530647821768000521012,351937.2,1.912781576530647821768000521012
939,352689.912997132767301587192432123054,352688.0,1.912997132767301587192432123054
940,353441.513212468659182692562687716442,353439.6,1.913212468659182692562687716442
941,354193.913427584782924375077957929296,354192.0,1.913427584782924375077957929296
942,354947.113642481715027475971398502235,354945.2,1.913642481715027475971398502235
943,355701.113857160031894156642285100907,355699.2,1.913857160031894156642285100907
944,356455.914071620309864069144437256194,356454.0,1.914071620309864069144437256194
945,357211.514285863125248712687510867819,357209.6,1.914285863125248712687510867819
946,357967.914499889054369734508648736479,357966.0,1.914499889054369734508648736479
947,358725.114713698673595097080551882865,358723.2,1.914713698673595097080551882865
948,359483.114927292559376717064907030082,359481.2,1.914927292559376717064907030082
949,360241.915140671288290678556921456376,360240.0,1.915140671288290678556921456376
950,361001.515353835437074661225435131251,360999.6,1.915353835437074661225435131251
951,361761.915566785582669771907304258465,361760.0,1.915566785582669771907304258465
952,362523.115779522302261082680766035428,362521.2,1.915779522302261082680766035428
953,363285.115992046173319397560205782020,363283.2,1.915992046173319397560205782020
954,364047.916204357773644636436537206118,364046.0,1.916204357773644636436537206118
955,364811.516416457681409066016598271666,364809.6,1.916416457681409066016598271666
956,365575.916628346475201134820067608526,365574.0,1.916628346475201134820067608526
957,366341.116840024734072795536414377652,366339.2,1.916840024734072795536414377652
958,367107.117051493037583899788616810107,367105.2,1.917051493037583899788616810107
959,367873.917262751965851931611991474843,367872.0,1.917262751965851931611991474843
960,368641.517473802099599241231073978177,368639.6,1.917473802099599241231073978177
961,369409.917684644020202456158720791217,369408.0,1.917684644020202456158720791217
962,370179.117895278309744831892736986447,370177.2,1.917895278309744831892736986447
963,370949.118105705551066190681366677977,370947.2,1.918105705551066190681366677977
964,371719.918315926327817664453884334205,371718.0,1.918315926327817664453884334205
965,372491.518525941224514821964258961577,372489.6,1.918525941224514821964258961577
966,373263.918735750826594235065824953598,373262.0,1.918735750826594235065824953598
967,374037.118945355720469951224875643341,374035.2,1.918945355720469951224875643341
968,374811.119154756493590974307450474316,374809.2,1.919154756493590974307450474316
969,375585.919363953734502676557056732826,375584.0,1.919363953734502676557056732826
970,376361.519572948032906097280805195045,376359.6,1.919572948032906097280805195045
971,377137.919781739979721608910767867396,377136.0,1.919781739979721608910767867396
972,377915.119990330167152357536954255177,377913.2,1.919990330167152357536954255177
973,378693.120198719188750033338035007023,378691.2,1.920198719188750033338035007023
974,379471.920406907639482658033487864612,379470.0,1.920406907639482658033487864612
975,380251.520614896115803017080318496171,380249.6,1.920614896115803017080318496171
976,381031.920822685215719230537172969931,381030.0,1.920822685215719230537172969931
977,381813.121030275538867865453904257935,381811.2,1.921030275538867865453904257935
978,382595.121237667686588228368226776458,382593.2,1.921237667686588228368226776458
979,383377.921444862261998622563500680688,383376.0,1.921444862261998622563500680688
980,384161.521651859870074621191139706424,384159.6,1.921651859870074621191139706424
981,384945.921858661117728725471820102631,384944.0,1.921858661117728725471820102631
982,385731.122065266613894329034083583340,385729.2,1.922065266613894329034083583340
983,386517.122271676969609769846407595351,386515.2,1.922271676969609769846407595351
984,387303.922477892798104705023148147620,387302.0,1.922477892798104705023148147620
985,388091.522683914714890662599122744940,388089.6,1.922683914714890662599122744940
986,388879.922889743337852641610351551829,388878.0,1.922889743337852641610351551829
987,389669.123095379287342562299611898567,389667.2,1.923095379287342562299611898567
988,390459.123300823186276802885503345489,390457.2,1.923300823186276802885503345489
989,391249.923506075660236478667066551972,391248.0,1.923506075660236478667066551972
990,392041.523711137337570213393903630526,392039.6,1.923711137337570213393903630526
991,392833.923916008849497354442438814108,392832.0,1.923916008849497354442438814108
992,393627.124120690830219245719209730471,393625.2,1.924120690830219245719209730471
993,394421.124325183917029730234431965484,394419.2,1.924325183917029730234431965484
994,395215.924529488750428928228683879601,395214.0,1.924529488750428928228683879601
995,396011.524733605974243991690417196313,396009.6,1.924733605974243991690417196313
996,396807.924937536235748015493222984548,396806.0,1.924937536235748015493222984548
997,397605.125141280185787963270352927418,397603.2,1.925141280185787963270352927418
998,398403.125344838478912800292177573827,398401.2,1.925344838478912800292177573827
999,399201.925548211773505561081369741257,399200.0,1.925548211773505561081369741257
1000,400001.525751400731921637378471872924,399999.6,1.925751400731921637378471872924
1001,400801.925954406020629863470323397677,400800.0,1.925954406020629863470323397677
1002,401603.126157228310358342522408310110,401601.2,1.926157228310358342522408310110
1003,402405.126359868276243766862170490786,402403.2,1.926359868276243766862170490786
1004,403207.926562326597987972163171321380,403206.0,1.926562326597987972163171321380
1005,404011.526764603960015467036967599159,404009.6,1.926764603960015467036967599159
1006,404815.926966701051640367806327172547,404814.0,1.926966701051640367806327172547
1007,405621.127168618567235770360650085428,405619.2,1.927168618567235770360650085428
1008,406427.127370357206408996501678207646,406425.2,1.927370357206408996501678207646
1009,407233.927571917674184008510615654749,407232.0,1.927571917674184008510615654749
1010,408041.527773300681187271109454216165,408039.6,1.927773300681187271109454216165
1011,408849.927974506943843039365756164859,408848.0,1.927974506943843039365756164859
1012,409659.128175537184571154176631328278,409657.2,1.928175537184571154176631328278
1013,410469.128376392131995487363553430914,410467.2,1.928376392131995487363553430914
1014,411279.928577072521156148550383114234,411278.0,1.928577072521156148550383114234
1015,412091.528777579093731827156252987306,412089.6,1.928777579093731827156252987306
1016,412903.928977912598266480160455715286,412902.0,1.928977912598266480160455715286
1017,413717.129178073790406415928421816799,413715.2,1.929178073790406415928421816799
1018,414531.129378063433144155796676646075,414529.2,1.929378063433144155796676646075
1019,415345.929577882297072652548893543240,415344.0,1.929577882297072652548893543240
1020,416161.529777531160645563000065792911,416159.6,1.929777531160645563000065792911
1021,416977.929977010810449334266638485532,416976.0,1.929977010810449334266638485532
1022,417795.130176322041483207366443793892,417793.2,1.930176322041483207366443793892
1023,418613.130375465657451842290737339908,418611.2,1.930375465657451842290737339908
1024,419431.930574442471064573618460873520,419430.0,1.930574442471064573618460873520
1025,420251.530773253304349275372046243070,420249.6,1.930773253304349275372046243070
1026,421071.930971898988975941110859849228,421070.0,1.930971898988975941110859849228
1027,421893.131170380366592296676548355602,421891.2,1.931170380366592296676548355602
1028,422715.131368698289173396774152312922,422713.2,1.931368698289173396774152312922
1029,423537.931566853619381845662751849261,423536.0,1.931566853619381845662751849261
1030,424361.531764847230943891734426478021,424359.6,1.931764847230943891734426478021
1031,425185.931962680009038791676323061451,425184.0,1.931962680009038791676323061451
1032,426011.132160352850703536553713654620,426009.2,1.932160352850703536553713654620
1033,426837.132357866665253284471832913825,426835.2,1.932357866665253284471832913825
1034,427663.932555222374717866430035007041,427662.0,1.932555222374717866430035007041
1035,428491.532752420914295495242557652372,428489.6,1.932752420914295495242557652372
1036,429319.932949463232825213341014138347,429318.0,1.932949463232825213341014138347
1037,430149.133146350293277140093604792935,430147.2,1.933146350293277140093604792935
1038,430979.133343083073263574885758479540,430977.2,1.933343083073263574885758479540
1039,431809.933539662565569054914796853170,431808.0,1.933539662565569054914796853170
1040,432641.533736089778705018969244586351,432639.6,1.933736089778705018969244586351
1041,433473.933932365737483711938185262424,433472.0,1.933932365737483711938185262424
1042,434307.134128491483619256614663583750,434305.2,1.934128491483619256614663583750
1043,435141.134324468076352072781827658042,435139.2,1.934324468076352072781827658042
1044,435975.934520296593100048312413624980,435974.0,1.934520296593100048312413624980
1045,436811.534715978130137455718291676197,436809.6,1.934715978130137455718291676197
1046,437647.934911513803301940458359835407,437646.0,1.934911513803301940458359835407
1047,438485.135106904748735373345929314220,438483.2,1.935106904748735373345929314220
1048,439323.135302152123653011905962113493,439321.2,1.935302152123653011905962113493
1049,440161.935497257107148364257728692160,440160.0,1.935497257107148364257728692160
1050,441001.535692220901035192107614046471,440999.6,1.935692220901035192107614046471
1051,441841.935887044730723534912882071074,441840.0,1.935887044730723534912882071074
1052,442683.136081729846138208816922446377,442681.2,1.936081729846138208816922446377
1053,443525.136276277522678699843690003852,443523.2,1.936276277522678699843690003852
1054,444367.936470689062222006697171461622,444366.0,1.936470689062222006697171461622
1055,445211.536664965794172270550020567856,445209.6,1.936664965794172270550020567856
1056,446055.936859109076559776622599786838,446054.0,1.936859109076559776622599786838
1057,446901.137053120297192413678069485486,446899.2,1.937053120297192413678069485486
1058,447747.137247000874858204367491255633,447745.2,1.937247000874858204367491255633
1059,448593.937440752260591683457392916831,448592.0,1.937440752260591683457392916831
1060,449441.537634375938994541209071356764,449439.6,1.937634375938994541209071356764
1061,450289.937827873429626943989557450610,450288.0,1.937827873429626943989557450610
1062,451139.138021246288462576144663129978,451137.2,1.938021246288462576144663129978
1063,451989.138214496109417849884817424018,451987.2,1.938214496109417849884817424018
1064,452839.938407624525959238542182579062,452838.0,1.938407624525959238542182579062
1065,453691.538600633212789742714429727146,453689.6,1.938600633212789742714429727146
1066,454543.938793523887621195686743055265,454542.0,1.938793523887621195686743055265
1067,455397.138986298313040545219834446230,455395.2,1.938986298313040545219834446230
1068,456251.139178958298471081618228922006,456249.2,1.939178958298471081618228922006
1069,457105.939371505702237532788264197730,457104.0,1.939371505702237532788264197730
1070,457961.539563942433741134790178336846,457959.6,1.939563942433741134790178336846
1071,458817.939756270455749506033905923629,458816.0,1.939756270455749506033905923629
1072,459675.139948491786813791412096331381,459673.2,1.939948491786813791412096331381
1073,460533.140140608503814309762067518028,460531.2,1.940140608503814309762067518028
1074,461391.940332622744649071437102668140,461390.0,1.940332622744649071437102668140
1075,462251.540524536711072299944523825871,462249.6,1.940524536711072299944523825871
1076,463111.940716352671691552089008269181,463110.0,1.940716352671691552089008269181
1077,463973.140908072965137785181704771946,463971.2,1.940908072965137785181704771946
1078,464835.141099700003415018109193569036,464833.2,1.941099700003415018109193569036
1079,465697.941291236275447852374585700334,465696.0,1.941291236275447852374585700334
1080,466561.541482684350835440289279737720,466559.6,1.941482684350835440289279737720
1081,467425.941674046883829768246983009795,467424.0,1.941674046883829768246983009795
1082,468291.141865326617553076327133965269,468289.2,1.941865326617553076327133965269
1083,469157.142056526388470539325036955702,469155.2,1.942056526388470539325036955702
1084,470023.942247649131139698843114568478,470022.0,1.942247649131139698843114568478
1085,470891.542438697883253312157981164820,470889.6,1.942438697883253312157981164820
1086,471759.942629675791000428559145002700,471758.0,1.942629675791000428559145002700
1087,472629.142820586114768136835745428319,472627.2,1.942820586114768136835745428319
1088,473499.143011432235209957656656256822,473497.2,1.943011432235209957656656256822
1089,474369.943202217659710230258353549848,474368.0,1.943202217659710230258353549848
1090,475241.543392946029274253179903870272,475239.6,1.943392946029274253179903870272
1091,476113.943583621125877818283543691320,476112.0,1.943583621125877818283543691320
1092,476987.143774246880313233941700418757,476985.2,1.943774246880313233941700418757
1093,477861.143964827380573456984894453098,477859.2,1.943964827380573456984894453098
1094,478735.944155366880814012949764292913,478734.0,1.944155366880814012949764292913
1095,479611.544345869810947354817032015667,479609.6,1.944345869810947354817032015667
1096,480487.944536340786915367691972835621,480486.0,1.944536340786915367691972835621
1097,481365.144726784621704912121032965559,481363.2,1.944726784621704912121032965559
1098,482243.144917206337163490855118362859,482241.2,1.944917206337163490855118362859
1099,483121.945107611176692865814394243084,483120.0,1.945107611176692865814394243084
1100,484001.545298004618890676127227170285,483999.6,1.945298004618890676127227170285
1101,484881.945488392392232437976134869025,484880.0,1.945488392392232437976134869025
1102,485763.145678780490881760790282491535,485761.2,1.945678780490881760790282491535
1103,486645.145869175191741018418765436558,486643.2,1.945869175191741018418765436558
1104,487527.946059583072851785334982095043,487526.0,1.946059583072851785334982095043
1105,488411.546250011033276778261945889769,488409.6,1.946250011033276778261945889769
1106,489295.946440466314608353246075593386,489294.0,1.946440466314608353246075593386
1107,490181.146630956524259894285210620900,490179.2,1.946630956524259894285210620900
1108,491067.146821489660720127971177894533,491065.2,1.946821489660720127971177894533
1109,491953.947012074140968027208175235418,491952.0,1.947012074140968027208175235418
1110,492841.547202718830271032656871864266,492839.6,1.947202718830271032656871864266
1111,493729.947393433074616152133867959828,493728.0,1.947393433074616152133867959828
1112,494619.147584226736051300434135001542,494617.2,1.947584226736051300434135001542
1113,495509.147775110231258803272198900989,495507.2,1.947775110231258803272198900989
1114,496399.947966094573704785453730144201,496398.0,1.947966094573704785453730144201
1115,497291.548157191419775451755478511867,497289.6,1.948157191419775451755478511867
1116,498183.948348413119346836238287606762,498182.0,1.948348413119346836238287606762
1117,499077.148539772771307095758213811647,499075.2,1.948539772771307095758213811647
1118,499971.148731284284610552996874915299,499969.2,1.948731284284610552996874915299
1119,500865.948922962445532089247303154559,500864.0,1.948922962445532089247303154559
1120,501761.549114822991881511562724616014,501759.6,1.949114822991881511562724616014
1121,502657.949306882695046836496527519409,502656.0,1.949306882695046836496527519409
1122,503555.149499159450860937087723426589,503553.2,1.949499159450860937087723426589
1123,504453.149691672380443719020872828109,504451.2,1.949691672380443719020872828109
1124,505351.949884441942340764051152169427,505350.0,1.949884441942340764051152169427
1125,506251.550077490057484454983008391773,506249.6,1.950077490057484454983008391773
1126,507151.950270840248761665094226910160,507150.0,1.950270840248761665094226910160
1127,508053.150464517797244881775715427403,508051.2,1.950464517797244881775715427403
1128,508955.150658549917503730597833131698,508953.2,1.950658549917503730597833131698
1129,509857.950852965954815305888037322518,509856.0,1.950852965954815305888037322518
1130,510761.551047797607595590344121135356,510759.6,1.951047797607595590344121135356
1131,511665.951243079178962427416025540455,511664.0,1.951243079178962427416025540455
1132,512571.151438847862065152321928472706,512569.2,1.951438847862065152321928472706
1133,513477.151635144064685792836326765119,513475.2,1.951635144064685792836326765119
1134,514383.951832011779684617895999136830,514382.0,1.951832011779684617895999136830
1135,515291.552029499009170532297526196659,515289.6,1.952029499009170532297526196659
1136,516199.952227658251880667088341534197,516198.0,1.952227658251880667088341534197
1137,517109.152426547065254117019653966391,517107.2,1.952426547065254117019653966391
1138,518019.152626228716160885003789801903,518017.2,1.952626228716160885003789801903
1139,518929.952826772937360817600027030540,518928.0,1.952826772937360817600027030540
1140,519841.553028256810688589219429784888,519839.6,1.953028256810688589219429784888
1141,520753.953230765802938847213872679484,520752.0,1.953230765802938847213872679484
1142,521667.153434394986788733486014245754,521665.2,1.953434394986788733486014245754
1143,522581.153639250487289530605678141204,522579.2,1.953639250487289530605678141204
1144,523495.953845451205096390670388021023,523494.0,1.953845451205096390670388021023
1145,524411.554053130881530777719432439333,524409.6,1.954053130881530777719432439333
1146,525327.954262440588964180338468765551,525326.0,1.954262440588964180338468765551
1147,526245.154473551754549738897668476487,526243.2,1.954473551754549738897668476487
1148,527163.154686659858396608251878530789,527161.2,1.954686659858396608251878530789
1149,528081.954901988992349274718209798006,528080.0,1.954901988992349274718209798006
1150,529001.555119797527698199932766529724,528999.6,1.955119797527698199932766529724
1151,529921.955340385227017033528420916916,529920.0,1.955340385227017033528420916916
1152,530843.155564102258453289391265218910,530841.2,1.955564102258453289391265218910
1153,531765.155791360747997320021882346615,531763.2,1.955791360747997320021882346615
1154,532687.956022649764667519100008566658,532686.0,1.956022649764667519100008566658
1155,533611.556258555020308429085132660708,533609.6,1.956258555020308429085132660708
1156,534535.956499785154328325624095467955,534534.0,1.956499785154328325624095467955
1157,535461.156747207390000148723749535932,535459.2,1.956747207390000148723749535932
1158,536387.157001896811921506910888530930,536385.2,1.957001896811921506910888530930
1159,537313.957265205917418098069032459813,537312.0,1.957265205917418098069032459813
1160,538241.557538865171489797352170256060,538239.6,1.957538865171489797352170256060
1161,539169.957825132470356545400560755763,539168.0,1.957825132470356545400560755763
1162,540099.158127022596145386548074544411,540097.2,1.958127022596145386548074544411
1163,541029.158448673177888274669139215065,541027.2,1.958448673177888274669139215065
1164,541959.958795955737152757412992350559,541958.0,1.958795955737152757412992350559
1165,542891.559177554829162152215691993521,542889.6,1.959177554829162152215691993521
1166,543823.959607012881816908043680624492,543822.0,1.959607012881816908043680624492
1167,544757.160106975008991370817648473336,544755.2,1.960106975008991370817648473336
1168,545691.160719158735145057415472969511,545689.2,1.960719158735145057415472969511
1169,546625.961532335460357817063024729065,546624.0,1.961532335460357817063024729065
1170,547561.562786790889329545853318124152,547559.6,1.962786790889329545853318124152
1171,548497.965561341188742521288927889514,548496.0,1.965561341188742521288927889514
