Matrix size,Coefficient,Coefficient Difference,R square
1,1.0,0.0,-inf
2,0.3008143618642685,-0.6991856381357315,0.999505749636873
3,0.2667118180618078,-0.034102543802460694,0.9747855459720908
4,0.2514843934063438,-0.015227424655464006,0.9702805955313611
5,0.24285716133732418,-0.008627232069019636,0.9718592795799524
6,0.2372921729089967,-0.0055649884283274775,0.9749044388567835
7,0.23339514079224388,-0.0038970321167528243,0.9780307627248078
8,0.23050677443331186,-0.0028883663589320263,0.9808430483572163
9,0.22827516641120515,-0.0022316080221067014,0.9832633328749192
10,0.2264954067324395,-0.0017797596787656467,0.9853142239991982
11,0.22504007845984642,-0.0014553282725930927,0.9870454855659854
12,0.22382576645465582,-0.0012143120051905931,0.988509028288388
13,0.22279555389224048,-0.001030212562415339,0.9897510477205261
14,0.22190925597509897,-0.0008862979171415097,0.9908103164338217
15,0.22113768132949913,-0.0007715746455998485,0.9917185948827512
16,0.22045910268738378,-0.0006785786421153461,0.9925016540809929
17,0.21985700645501022,-0.0006020962323735612,0.993180358852646
18,0.21931861417203352,-0.0005383922829766963,0.9937716285362777
19,0.2188338764593741,-0.00048473771265941656,0.9942892326706644
20,0.21839477924376557,-0.00043909721560853043,0.9947444299988104
21,0.2179948504156159,-0.00039992882814968156,0.995146474462692
22,0.21762880411935762,-0.00036604629625827667,0.9955030136492351
23,0.2172922793314981,-0.00033652478785950457,0.9958204022687659
24,0.21698164468683173,-0.0003106346446663799,0.9961039492296221
25,0.21669385103575015,-0.00028779365108158594,0.9963581130332195
26,0.21642631856144076,-0.0002675324743093843,0.9965866569632831
27,0.21617684892365432,-0.00024946963778643694,0.9967927729355851
28,0.2159435569028834,-0.00023329202077093658,0.9969791808387493
29,0.21572481595788082,-0.00021874094500257124,0.99714820862881
30,0.21551921494340853,-0.00020560101447228418,0.9973018572404462
31,0.2153255239313545,-0.00019369101205402028,0.9974418534616951
32,0.21514266432781404,-0.00018285960354047504,0.9975696932191094
33,0.21496968753436896,-0.00017297679344507877,0.9976866771845436
34,0.21480575489043982,-0.00016393264392913776,0.9977939402033016
35,0.21465012240172765,-0.00015563248871217072,0.9978924757261534
36,0.21450212739121424,-0.00014799501051340758,0.9979831561821405
37,0.21436117772814156,-0.00014094966307268142,0.9980667500380762
38,0.21422674261292496,-0.00013443511521660234,0.9981439361414101
39,0.21409834412718481,-0.00012839848574014434,0.9982153158259742
40,0.2139755519943311,-0.0001227921328537107,0.9982814231677363
41,0.2138579765066187,-0.00011757548771240689,0.9983427337044742
42,0.21374526435464603,-0.00011271215197267148,0.9983996718750309
43,0.21363709433493336,-0.00010817001971266671,0.9984526173872169
44,0.21353317374506864,-0.00010392058986471997,0.9985019106860344
45,0.21343323531204994,-9.993843301869809e-05,0.9985478576637299
46,0.2133370339989243,-9.620131312562674e-05,0.9985907337287668
47,0.21324434562627245,-9.268837265186125e-05,0.9986307873309572
48,0.21315496379430843,-8.938183196402494e-05,0.99866824302379
49,0.2130686985231001,-8.62652712083356e-05,0.998703304131725
50,0.2129853745985939,-8.332392450619008e-05,0.9987361550793086
51,0.2129048300789408,-8.054451965311404e-05,0.9987669634299691
52,0.21282691511883692,-7.791496010386978e-05,0.9987958816748945
53,0.21275149076124716,-7.542435758975397e-05,0.9988230488062066
54,0.2126784280291683,-7.306273207885461e-05,0.9988485917034882
55,0.21260760698408543,-7.082104508288056e-05,0.9988726263584068
56,0.21253891592748347,-6.869105660195496e-05,0.9988952589585661
57,0.2124722507409852,-6.666518649828257e-05,0.9989165868486736
58,0.21240751419643975,-6.47365445454462e-05,0.9989366993845518
59,0.21234461542169802,-6.28987747417209e-05,0.9989556786933551
60,0.21228346935351358,-6.114606818444224e-05,0.9989736003515111
61,0.212223996307915,-5.9473045598584795e-05,0.9989905339903496
62,0.2121661214515973,-5.787485631769673e-05,0.9990065438380501
63,0.2121097746314629,-5.634682013438974e-05,0.9990216892053971
64,0.21205488980622203,-5.4884825240880675e-05,0.9990360249218675
65,0.21200140484588564,-5.348496033638628e-05,0.9990496017277312
66,0.21194926123144367,-5.214361444197402e-05,0.9990624666271332
67,0.2118984037724043,-5.085745903937733e-05,0.9990746632065017
68,0.21184878038291352,-4.962338949077161e-05,0.9990862319220972
69,0.21180034185828717,-4.843852462635412e-05,0.9990972103600474
70,0.21175304159668296,-4.7300261604210636e-05,0.9991076334718186
71,0.21170683573371496,-4.6205862967996225e-05,0.9991175337877214
72,0.21166168255099738,-4.5153182717583285e-05,0.9991269416107427
73,0.2116175424035587,-4.414014743867045e-05,0.9991358851927372
74,0.211574377846784,-4.316455677469411e-05,0.999144390894775
75,0.21153215333177242,-4.22245150115963e-05,0.9991524833332392
76,0.21149083501722277,-4.131831454964874e-05,0.9991601855130955
77,0.21145039076145059,-4.04442557721818e-05,0.999167518949591
78,0.2114107899981707,-3.960076327988449e-05,0.9991745037795103
79,0.2113720035992218,-3.87863989488868e-05,0.9991811588629912
80,0.21133400386481063,-3.799973441118154e-05,0.9991875018767973
81,0.2112967643280512,-3.723953675943692e-05,0.9991935493998496
82,0.21126025978603713,-3.650454201406528e-05,0.9991993169917384
83,0.21122446617943003,-3.579360660710407e-05,0.9992048192648579
84,0.21118936050113468,-3.5105678295344056e-05,0.9992100699507468
85,0.21115492081566403,-3.4439685470649684e-05,0.9992150819611527
86,0.2111211262159618,-3.379459970223597e-05,0.9992198674442933
87,0.21108795632523236,-3.3169890729434215e-05,0.9992244378367346
88,0.21105539220870817,-3.256411652419189e-05,0.9992288039112714
89,0.21102341536425517,-3.1976844452996644e-05,0.9992329758211512
90,0.21099200816910701,-3.1407195148158706e-05,0.9992369631409583
91,0.21096115365823676,-3.085451087025959e-05,0.9992407749044376
92,0.21093083566843623,-3.031798980052125e-05,0.999244419639515
93,0.2109010386332817,-2.9797035154544016e-05,0.9992479054007483
94,0.21087174757768795,-2.929105559373868e-05,0.9992512397994173
95,0.2108429481396793,-2.8799438008653144e-05,0.9992544300314484
96,0.21081462667944284,-2.8321460236457874e-05,0.999257482903345
97,0.21078676978408642,-2.7856895356420663e-05,0.9992604048562848
98,0.21075936476033885,-2.7405023747567592e-05,0.9992632019885289
99,0.2107323993470188,-2.6965413320062526e-05,0.9992658800762745
100,0.210705861746731,-2.6537600287784846e-05,0.9992684445930725
101,0.2106797405884993,-2.6121158231695585e-05,0.9992709007279202
102,0.2106540249291329,-2.5715659366404298e-05,0.9992732534021308
103,0.21062870421493823,-2.5320714194670968e-05,0.9992755072850709
104,0.2106037682300529,-2.4935984885343654e-05,0.9992776668088529
105,0.210579207344755,-2.456088529789735e-05,0.999279736182058
106,0.21055501187539494,-2.4195469360055455e-05,0.9992817194025626
107,0.21053117279163883,-2.383908375611088e-05,0.9992836202695328
108,0.21050768128061195,-2.349151102687408e-05,0.9992854423946472
109,0.21048452881847646,-2.3152462135495044e-05,0.999287189212606
110,0.21046170718493648,-2.2821633539976682e-05,0.9992888639909714
111,0.2104392084292761,-2.249875566037729e-05,0.9992904698393943
112,0.21041702486559796,-2.2183563678140894e-05,0.9992920097182638
113,0.21039514906761242,-2.1875797985543288e-05,0.9992934864468229
114,0.21037357384767955,-2.157521993287337e-05,0.9992949027107868
115,0.21035229225270766,-2.1281594971889195e-05,0.9992962610694976
116,0.21033129754505223,-2.0994707655430656e-05,0.9992975639626468
117,0.210310583221745,-2.071432330721934e-05,0.9992988137165945
118,0.2102901429431507,-2.044027859429698e-05,0.9993000125503135
119,0.21026997062374006,-2.0172319410649564e-05,0.999301162580982
120,0.21025006032622276,-1.9910297517300446e-05,0.9993022658292479
121,0.21023040630871043,-1.9654017512332755e-05,0.9993033242241871
122,0.2102110030022542,-1.940330645622268e-05,0.9993043396079764
123,0.21019184500907456,-1.9157993179641508e-05,0.9993053137402955
124,0.2101729270864921,-1.8917922582462054e-05,0.9993062483024817
125,0.21015424415422757,-1.8682932264535435e-05,0.9993071449014467
126,0.21013579127690218,-1.8452877325381145e-05,0.9993080050733745
127,0.21011756366639822,-1.8227610503962488e-05,0.9993088302872132
128,0.2100995566691027,-1.800699729551103e-05,0.9993096219479729
129,0.21008176577171325,-1.779089738945805e-05,0.9993103813998419
130,0.21006418658087062,-1.7579190842637038e-05,0.9993111099291326
131,0.21004681483485987,-1.737174601074143e-05,0.9993118087670679
132,0.21002964638680324,-1.7168448056631425e-05,0.9993124790924164
133,0.2100126772090143,-1.696917778895579e-05,0.9993131220339866
134,0.20999590337687712,-1.6773832137162437e-05,0.9993137386729886
135,0.20997932097501504,-1.658240186208637e-05,0.9993143300452701
136,0.20996292662350557,-1.6394351509463334e-05,0.9993148971434359
137,0.20994671638536566,-1.621023813991318e-05,0.999315440918855
138,0.20993068685671365,-1.6029528652011793e-05,0.9993159622835651
139,0.20991483461930782,-1.5852237405827863e-05,0.9993164621120775
140,0.2098991563478068,-1.5678271501035068e-05,0.99931694124309
141,0.20988364879870378,-1.5507549103010998e-05,0.9993174004811131
142,0.20986830881498741,-1.533998371636147e-05,0.9993178405980115
143,0.20985313332301134,-1.5175491976077149e-05,0.9993182623344714
144,0.20983811932497545,-1.5013998035884324e-05,0.9993186664013906
145,0.20982326389942013,-1.4855425555321267e-05,0.9993190534812023
146,0.20980856419858382,-1.4699700836312557e-05,0.9993194242291318
147,0.20979401745144066,-1.4546747143157068e-05,0.9993197792743916
148,0.20977962094188626,-1.4396509554398529e-05,0.9993201192213186
149,0.2097653720417043,-1.424890018195124e-05,0.999320444650455
150,0.2097512681028586,-1.4103938845710928e-05,0.9993207561195778
151,0.2097373068091093,-1.3961293749309434e-05,0.9993210541646785
152,0.20972348554172415,-1.3821267385139002e-05,0.9993213393008952
153,0.20970980189160382,-1.3683650120333013e-05,0.9993216120234016
154,0.20969625360373553,-1.3548287868286879e-05,0.999321872808253
155,0.20968283837279272,-1.3415230942809275e-05,0.9993221221131927
156,0.2096695539660542,-1.3284406738534038e-05,0.9993223603784209
157,0.2096563982174133,-1.31557486408862e-05,0.9993225880273271
158,0.20964336899709335,-1.302922031995446e-05,0.9993228054671899
159,0.20963046422885956,-1.2904768233790165e-05,0.9993230130898428
160,0.20961768183113283,-1.27823977267294e-05,0.999323211272311
161,0.20960501999276765,-1.2661838365179978e-05,0.9993234003774185
162,0.20959247660607025,-1.2543386697400072e-05,0.9993235807543671
163,0.2095800498371549,-1.2426768915357878e-05,0.9993237527392905
164,0.2095677378287636,-1.2312008391301976e-05,0.999323916655783
165,0.20955553877755373,-1.2199051209860201e-05,0.9993240728154036
166,0.2095434509104214,-1.208786713233212e-05,0.9993242215181591
167,0.20953147240929615,-1.1978501125248231e-05,0.9993243630529656
168,0.20951960184320637,-1.1870566089783319e-05,0.9993244976980883
169,0.2095078372922917,-1.1764550914672434e-05,0.9993246257215639
170,0.20949617722670325,-1.166006558844801e-05,0.9993247473816035
171,0.20948462014771507,-1.1557078988172487e-05,0.9993248629269781
172,0.2094731642994806,-1.1455848234476207e-05,0.9993249725973876
173,0.20946180822223287,-1.1356077247726137e-05,0.9993250766238141
174,0.2094505505542902,-1.1257667942660143e-05,0.9993251752288596
175,0.20943938980756305,-1.1160746727162385e-05,0.9993252686270698
176,0.20942832442471948,-1.1065382843566951e-05,0.999325357025244
177,0.2094173531405964,-1.0971284123084679e-05,0.999325440622732
178,0.20940647454371217,-1.0878596884228431e-05,0.9993255196117178
179,0.20939568729126884,-1.0787252443328343e-05,0.9993255941774927
180,0.2093849900677858,-1.0697223483041585e-05,0.9993256644987164
181,0.20937438159160862,-1.0608476177176307e-05,0.9993257307476666
182,0.20936386059541276,-1.0520996195861887e-05,0.9993257930904796
183,0.20935342584829972,-1.0434747113041709e-05,0.9993258516873802
184,0.20934307613503272,-1.0349713266993854e-05,0.9993259066929018
185,0.20933281026675854,-1.0265868274184076e-05,0.9993259582560987
186,0.2093226270851543,-1.0183181604228597e-05,0.9993260065207493
187,0.20931252544042486,-1.0101644729448855e-05,0.9993260516255501
188,0.20930250421769211,-1.0021222732747859e-05,0.9993260937043034
189,0.2092925623166221,-9.941901070009695e-06,0.9993261328860967
190,0.20928269866090896,-9.863655713149289e-06,0.999326169295475
191,0.20927291219279312,-9.7864681158355e-06,0.9993262030526062
192,0.20926320187694195,-9.710315851174656e-06,0.9993262342734401
193,0.20925356669378783,-9.635183154110827e-06,0.9993262630698614
194,0.20924400567200052,-9.561021787313218e-06,0.9993262895498358
195,0.20923451775805674,-9.487913943784232e-06,0.9993263138175513
196,0.2092251020634916,-9.415694565140242e-06,0.9993263359735539
197,0.20921575762122033,-9.344442271269626e-06,0.9993263561148771
198,0.2092064835031439,-9.274118076441074e-06,0.9993263743351677
199,0.209197278802181,-9.204700962883727e-06,0.9993263907248059
200,0.20918814262297605,-9.136179204949357e-06,0.999326405371021
201,0.20917907409007425,-9.06853290180698e-06,0.9993264183580028
202,0.2091700723410054,-9.001749068843212e-06,0.9993264297670086
203,0.20916113653245488,-8.935808550519786e-06,0.9993264396764658
204,0.20915226583292765,-8.870699527235848e-06,0.999326448162072
205,0.2091434594248842,-8.806408043460223e-06,0.9993264552968893
206,0.20913471650940482,-8.74291547936501e-06,0.9993264611514369
207,0.2091260362969987,-8.680212406131371e-06,0.9993264657937788
208,0.20911741801352035,-8.618283478339928e-06,0.9993264692896092
209,0.20910886089974642,-8.557113773927094e-06,0.9993264717023347
210,0.2091003642073603,-8.496692386117388e-06,0.9993264730931524
211,0.20909192723449643,-8.436972863873349e-06,0.9993264735211266
212,0.2090835491646984,-8.378069798031795e-06,0.9993264730432616
213,0.20907522938415277,-8.319780545634758e-06,0.9993264717145723
214,0.20906696715957931,-8.262224573452048e-06,0.9993264695881522
215,0.20905876180756292,-8.205352016399381e-06,0.9993264667152383
216,0.20905061265466687,-8.149152896042011e-06,0.9993264631452752
217,0.2090425190363849,-8.093618281967974e-06,0.9993264589259748
218,0.20903448029956653,-8.038736818372083e-06,0.999326454103376
219,0.20902649580452218,-7.984495044355278e-06,0.9993264487218999
220,0.20901856492020585,-7.93088431633171e-06,0.9993264428244054
221,0.20901068702555117,-7.877894654673145e-06,0.9993264364522415
222,0.20900286150948483,-7.825516066345406e-06,0.9993264296452974
223,0.20899508777424589,-7.773735238941759e-06,0.9993264224420517
224,0.20898736527185413,-7.72250239175487e-06,0.9993264148796202
225,0.2089796932831148,-7.671988739327285e-06,0.9993264069937999
226,0.20897207137507842,-7.6219080363815195e-06,0.9993263988191146
227,0.2089644989388688,-7.572436209635214e-06,0.9993263903888557
228,0.2089569754203476,-7.523518521179717e-06,0.9993263817351241
229,0.20894950027212447,-7.4751482231349975e-06,0.9993263728888694
230,0.20894207290005107,-7.427372073404159e-06,0.9993263638799276
231,0.20893469295514966,-7.379944901408919e-06,0.9993263547370582
232,0.20892735973617982,-7.333218969840516e-06,0.9993263454879796
233,0.2089200727921126,-7.286944067208534e-06,0.9993263361594035
234,0.20891283161743335,-7.241174679262219e-06,0.9993263267770676
235,0.2089056357169271,-7.195900506240527e-06,0.9993263173657679
236,0.20889848460049318,-7.15111643392885e-06,0.9993263079493897
237,0.20889137778758213,-7.106812911050753e-06,0.9993262985509369
238,0.20888431475655844,-7.063031023685218e-06,0.9993262891925611
239,0.20887729518003087,-7.01957652757268e-06,0.9993262798955895
240,0.20887031845945409,-6.976720576784556e-06,0.9993262706805516
241,0.2088633841728753,-6.9342865787747066e-06,0.9993262615672053
242,0.20885649191697975,-6.892255895563082e-06,0.999326252574562
243,0.20884964124186445,-6.850675115299687e-06,0.9993262437209107
244,0.2088428316291031,-6.80961276133818e-06,0.9993262350238417
245,0.2088360627260688,-6.76890303430433e-06,0.999326226500269
246,0.20882933415475494,-6.728571313868725e-06,0.9993262181664527
247,0.2088226454233639,-6.688731391035763e-06,0.9993262100380194
248,0.20881599615271265,-6.649270651248873e-06,0.9993262021299834
249,0.20880938593580006,-6.6102169125892285e-06,0.9993261944567662
250,0.2088028143778303,-6.5715579697644966e-06,0.9993261870322158
251,0.20879628105256443,-6.5333252658728025e-06,0.9993261798696248
252,0.2087897856757481,-6.495376816323395e-06,0.999326172981749
253,0.2087833277668015,-6.457908946599922e-06,0.9993261663808243
254,0.20877690698396698,-6.420782834526406e-06,0.9993261600785834
255,0.20877052295809193,-6.38402587505027e-06,0.9993261540862725
256,0.20876417532525854,-6.347632833386685e-06,0.999326148414666
257,0.2087578637235568,-6.311601701725067e-06,0.9993261430740833
258,0.2087515878036313,-6.275919925524676e-06,0.9993261380744016
259,0.2087453472132549,-6.240590376377364e-06,0.9993261334250717
260,0.20873914160710846,-6.2056061464477175e-06,0.9993261291351309
261,0.20873297064751614,-6.170959592322056e-06,0.9993261252132163
262,0.20872683399617498,-6.136651341165367e-06,0.9993261216675782
263,0.20872073132676572,-6.102669409258077e-06,0.9993261185060923
264,0.2087146623106531,-6.069016112608683e-06,0.9993261157362718
265,0.20870862662522782,-6.035685425287429e-06,0.9993261133652788
266,0.20870262395621428,-6.00266901354396e-06,0.999326111399936
267,0.20869665398861736,-5.969967596913817e-06,0.9993261098467376
268,0.20869071641398132,-5.937574636044607e-06,0.9993261087118601
269,0.2086848109267118,-5.905487269530774e-06,0.9993261080011717
270,0.20867893722735403,-5.873699357755724e-06,0.9993261077202434
271,0.20867309501857623,-5.842208777806501e-06,0.999326107874358
272,0.20866728401903312,-5.810999543109929e-06,0.9993261084685194
273,0.2086615038645383,-5.780154494816614e-06,0.9993261095074619
274,0.20865575448327944,-5.749381258857156e-06,0.9993261109956587
275,0.20865003529145298,-5.719191826458747e-06,0.9993261129373306
276,0.20864434622098474,-5.689070468245516e-06,0.9993261153364543
277,0.2086386869392368,-5.659281747949496e-06,0.9993261181967699
278,0.20863305717681757,-5.629762419218087e-06,0.999326121521789
279,0.20862745666767973,-5.600509137837495e-06,0.999326125314802
280,0.2086218851456269,-5.5715220528274045e-06,0.9993261295788857
281,0.2086163423038051,-5.542841821803979e-06,0.9993261343169093
282,0.20861082803044276,-5.514273362344779e-06,0.9993261395315428
283,0.20860534192451446,-5.486105928292906e-06,0.999326145225262
284,0.20859988378472177,-5.4581397926911634e-06,0.9993261514003557
285,0.2085944533537749,-5.430430946862241e-06,0.9993261580589321
286,0.20858905041733583,-5.40293643908063e-06,0.9993261652029239
287,0.20858367470281639,-5.375714519445518e-06,0.999326172834095
288,0.20857832598326803,-5.3487195483536976e-06,0.9993261809540455
289,0.2085730040218755,-5.321961392523722e-06,0.9993261895642176
290,0.20856770858725523,-5.29543462027271e-06,0.9993261986659007
291,0.20856243944876532,-5.26913848991617e-06,0.9993262082602363
292,0.20855719637956938,-5.24306919594264e-06,0.9993262183482234
293,0.208551979155305,-5.217224264386644e-06,0.9993262289307231
294,0.20854678755540212,-5.191599902865107e-06,0.9993262400084632
295,0.2085416213616779,-5.166193724231993e-06,0.9993262515820427
296,0.2085364803556602,-5.1410060177004e-06,0.9993262636519362
297,0.20853136434231567,-5.116013344519388e-06,0.9993262762184987
298,0.20852627306129173,-5.091281023938965e-06,0.9993262892819688
299,0.20852120634109883,-5.066720192903329e-06,0.999326302842473
300,0.2085161639929862,-5.042348112632711e-06,0.9993263169000304
301,0.20851114578084232,-5.018212143881318e-06,0.999326331454555
302,0.2085061515142495,-4.994266592811547e-06,0.9993263465058605
303,0.20850118099407577,-4.970520173730453e-06,0.9993263620536635
304,0.20849623402470316,-4.946969372615628e-06,0.9993263780975866
305,0.20849131041239916,-4.923612304003067e-06,0.9993263946371623
306,0.2084864099634623,-4.900448936862034e-06,0.9993264116718357
307,0.20848153248991005,-4.877473552239442e-06,0.9993264292009678
308,0.20847667780382456,-4.8546860854925544e-06,0.9993264472238386
309,0.20847184571982044,-4.832084004119386e-06,0.9993264657396499
310,0.20846703605352992,-4.809666290517267e-06,0.9993264847475286
311,0.20846224862766294,-4.787425866986661e-06,0.9993265042465286
312,0.20845748325829716,-4.765369365777872e-06,0.9993265242356342
313,0.2084527397723707,-4.743485926467228e-06,0.9993265447137624
314,0.20844801799386953,-4.721778501165508e-06,0.9993265656797655
315,0.20844331774767583,-4.700246193700686e-06,0.9993265871324337
316,0.20843863886611813,-4.678881557695913e-06,0.9993266090704969
317,0.20843398111015154,-4.65775596658613e-06,0.9993266314926276
318,0.20842934451613587,-4.636594015672291e-06,0.999326654397443
319,0.20842472871657958,-4.615799556295652e-06,0.9993266777835066
320,0.20842013358631262,-4.5951302669600125e-06,0.9993267016493315
321,0.2084155590496757,-4.574536636908766e-06,0.9993267259933808
322,0.20841100486035102,-4.554189324684765e-06,0.9993267508140712
323,0.20840647088921638,-4.533971134645931e-06,0.9993267761097737
324,0.2084019569806973,-4.51390851907707e-06,0.9993268018788161
325,0.20839746298002912,-4.494000668181508e-06,0.9993268281194844
326,0.20839298873207743,-4.474247951691268e-06,0.9993268548300248
327,0.20838853412755542,-4.4546045220028585e-06,0.9993268820086455
328,0.20838409889645007,-4.435231105354154e-06,0.9993269096535179
329,0.20837968301019674,-4.415886253328338e-06,0.9993269377627786
330,0.20837528628233198,-4.39672786475831e-06,0.9993269663345306
331,0.20837090856813967,-4.377714192316251e-06,0.9993269953668451
332,0.20836654972575533,-4.3588423843388124e-06,0.9993270248577628
333,0.20836220961090696,-4.340114848372378e-06,0.9993270548052953
334,0.20835788808423297,-4.321526673983778e-06,0.9993270852074263
335,0.2083535850062681,-4.303077964867841e-06,0.9993271160621132
336,0.20834930024201595,-4.284764252154849e-06,0.9993271473672883
337,0.20834503365183502,-4.266590180934671e-06,0.99932717912086
338,0.20834078510554205,-4.248546292967559e-06,0.9993272113207138
339,0.20833655446679658,-4.230638745467141e-06,0.9993272439647137
340,0.20833234160382624,-4.2128629703375164e-06,0.9993272770507035
341,0.20832814638885588,-4.195214970359462e-06,0.9993273105765073
342,0.20832396869103822,-4.177697817658865e-06,0.9993273445399311
343,0.20831980838277045,-4.16030826777547e-06,0.9993273789387639
344,0.20831566533865561,-4.143044114834904e-06,0.9993274137707779
345,0.20831153943338038,-4.125905275237374e-06,0.9993274490337305
346,0.20830743060824608,-4.1088251342968896e-06,0.9993274847253644
347,0.20830333854391597,-4.092064330107892e-06,0.9993275208434089
348,0.20829926331767512,-4.075226240851659e-06,0.9993275573855808
349,0.20829520474035285,-4.058577322274548e-06,0.999327594349585
350,0.20829116269731632,-4.042043036528442e-06,0.9993276317331157
351,0.20828713706879992,-4.025628516396429e-06,0.9993276695338567
352,0.20828312773882351,-4.009329976406573e-06,0.9993277077494827
353,0.20827913459199923,-3.993146824282645e-06,0.9993277463776595
354,0.20827515751439538,-3.977077603856127e-06,0.9993277854160453
355,0.20827119639307512,-3.961121320256167e-06,0.9993278248622909
356,0.2082672511160033,-3.945277071815134e-06,0.9993278647140407
357,0.2082633215973989,-3.929518604395277e-06,0.999327904968933
358,0.2082594076527684,-3.9139446305069825e-06,0.9993279456246013
359,0.2082555092509991,-3.898401769314441e-06,0.9993279866786738
360,0.20825162625445856,-3.8829965405273725e-06,0.9993280281287755
361,0.2082477585623493,-3.867692109249532e-06,0.9993280699725274
362,0.20824390606535295,-3.852496996359367e-06,0.9993281122075477
363,0.20824006866077355,-3.837404579404291e-06,0.9993281548314523
364,0.20823624624506187,-3.8224157116739654e-06,0.9993281978418553
365,0.20823243873865394,-3.8075064079379217e-06,0.9993282412363693
366,0.20822864597149396,-3.7927671599768953e-06,0.9993282850126062
367,0.208224867911886,-3.778059607967288e-06,0.9993283291681775
368,0.2082211044383346,-3.7634735513825124e-06,0.9993283737006946
369,0.20821735546649367,-3.7489718409389194e-06,0.9993284186077698
370,0.20821362085465775,-3.7346118359204983e-06,0.9993284638870158
371,0.20820990055045244,-3.7203042053124413e-06,0.9993285095360472
372,0.2082061944372019,-3.706113250540044e-06,0.99932855555248
373,0.20820250243999672,-3.6919972051796535e-06,0.9993286019339322
374,0.2081988244442489,-3.6779957478250136e-06,0.9993286486780248
375,0.20819516036480756,-3.66407944132896e-06,0.9993286957823811
376,0.20819151010865372,-3.6502561538420686e-06,0.9993287432446281
377,0.2081878735862438,-3.6365224099221827e-06,0.9993287910623958
378,0.2081842507052522,-3.622880991593913e-06,0.9993288392333183
379,0.20818064137673548,-3.6093285167293487e-06,0.999328887755034
380,0.20817704551258792,-3.5958641475541953e-06,0.9993289366251856
381,0.20817346302424158,-3.5824883463375645e-06,0.9993289858414205
382,0.20816989382314477,-3.5692010968146892e-06,0.9993290354013911
383,0.2081663378297383,-3.5559934064566256e-06,0.9993290853027552
384,0.20816279495178316,-3.5428779551482936e-06,0.9993291355431762
385,0.2081592651057319,-3.5298460512589447e-06,0.999329186120323
386,0.20815574820931093,-3.5168964209741915e-06,0.9993292370318706
387,0.2081522441781374,-3.504031173523492e-06,0.9993292882755006
388,0.2081487529304912,-3.4912476462034547e-06,0.9993293398489007
389,0.20814527438503538,-3.478545455820603e-06,0.9993293917497654
390,0.20814180846037292,-3.465924662465758e-06,0.9993294439757962
391,0.20813835507584447,-3.453384528451231e-06,0.9993294965247014
392,0.20813491415329743,-3.4409225470322102e-06,0.9993295493941967
393,0.20813148561245318,-3.4285408442580323e-06,0.9993296025820055
394,0.20812806937716485,-3.4162352883226887e-06,0.9993296560858584
395,0.2081246653689957,-3.4040081691444346e-06,0.9993297099034943
396,0.20812127351154353,-3.391857452184066e-06,0.9993297640326595
397,0.20811789372882736,-3.3797827161674565e-06,0.9993298184711088
398,0.20811452594465876,-3.367784168595289e-06,0.9993298732166049
399,0.20811117008713398,-3.355857524783845e-06,0.9993299282669195
400,0.2081078260790348,-3.3440080991764543e-06,0.9993299836198319
401,0.20810449384849053,-3.332230544272896e-06,0.999330039273131
402,0.20810117332422118,-3.320524269351255e-06,0.9993300952246138
403,0.20809786443219971,-3.308892021464116e-06,0.9993301514720865
404,0.2080945671012205,-3.297330979201707e-06,0.9993302080133641
405,0.20809128126165213,-3.285839568378801e-06,0.999330264846271
406,0.20808800684278778,-3.27441886435742e-06,0.9993303219686404
407,0.20808474377422814,-3.263068559633542e-06,0.9993303793783151
408,0.20808149201141313,-3.251762815015269e-06,0.9993304370731474
409,0.20807825141667,-3.2405947431313198e-06,0.9993304950509986
410,0.2080750219907924,-3.2294258776044416e-06,0.9993305533097399
411,0.20807180364363934,-3.2183471530555785e-06,0.999330611847252
412,0.2080685963091864,-3.207334452942634e-06,0.9993306706614256
413,0.20806539992031386,-3.1963888725283773e-06,0.9993307297501606
414,0.20806221435977612,-3.185560537743992e-06,0.9993307891113672
415,0.20805903970351447,-3.17465626165081e-06,0.9993308487429654
416,0.208055875779769,-3.163923745469477e-06,0.9993309086428852
417,0.20805272252697898,-3.1532527900168805e-06,0.9993309688090664
418,0.208049579899193,-3.1426277859736285e-06,0.9993310292394589
419,0.20804644783235798,-3.132066835026537e-06,0.9993310899320229
420,0.20804332626465255,-3.121567705433037e-06,0.9993311508847286
421,0.20804021516413707,-3.1111005154849103e-06,0.9993312120955564
422,0.20803711438195885,-3.1007821782169653e-06,0.999331273562497
423,0.2080340239439603,-3.0904379985374764e-06,0.9993313352835511
424,0.2080309437491471,-3.080194813209758e-06,0.9993313972567301
425,0.2080278737764949,-3.0699726522032122e-06,0.9993314594800553
426,0.20802481392660896,-3.0598498859391032e-06,0.9993315219515586
427,0.20802176415613066,-3.0497704782972423e-06,0.9993315846692821
428,0.20801872440483482,-3.039751295841331e-06,0.9993316476312785
429,0.20801569459119496,-3.0298136398654307e-06,0.9993317108356105
430,0.20801267473107762,-3.019860117331463e-06,0.9993317742803517
431,0.20800966469496077,-3.01003611685724e-06,0.9993318379635857
432,0.2080066644497799,-3.0002451808786024e-06,0.9993319018834068
433,0.20800367394144798,-2.9905083319126113e-06,0.9993319660379196
434,0.2080006931129154,-2.9808285325616524e-06,0.9993320304252393
435,0.2079977219100369,-2.9712028785100486e-06,0.9993320950434914
436,0.20799476027752686,-2.961632510040113e-06,0.9993321598908117
437,0.20799180816176574,-2.9521157611234194e-06,0.9993322249653469
438,0.2079888655534331,-2.94260833264004e-06,0.9993322902652537
439,0.20798593226655568,-2.933286877421226e-06,0.9993323557886995
440,0.2079830083816077,-2.923884947991784e-06,0.9993324215338621
441,0.20798009380032229,-2.914581285401452e-06,0.9993324874989297
442,0.20797718847170504,-2.90532861724202e-06,0.9993325536821007
443,0.2079742923451504,-2.8961265546301185e-06,0.9993326200815844
444,0.20797140536807052,-2.886977079896713e-06,0.9993326866956002
445,0.20796852749112027,-2.8778769502468826e-06,0.9993327535223776
446,0.2079656586618462,-2.8688292740830512e-06,0.999332820560157
447,0.2079627988316255,-2.859830220691695e-06,0.999332887807189
448,0.20795994795157483,-2.850880050669913e-06,0.9993329552617343
449,0.20795710597146685,-2.841980107970432e-06,0.999333022922064
450,0.2079542728426408,-2.8331288260408094e-06,0.9993330907864598
451,0.20795144847707625,-2.824365564563225e-06,0.9993331588532132
452,0.20794863294551544,-2.8155315608124898e-06,0.9993332271206262
453,0.2079458260819096,-2.806863605847587e-06,0.9993332955870111
454,0.20794302787842733,-2.7982034822571222e-06,0.9993333642506903
455,0.20794023828810668,-2.78959032065651e-06,0.9993334331099962
456,0.20793745726420157,-2.7810239051073715e-06,0.9993335021632718
457,0.20793468476095356,-2.772503248010816e-06,0.9993335714088696
458,0.2079319207274073,-2.76403354626531e-06,0.9993336408451527
459,0.20792916513233012,-2.7555950771751547e-06,0.9993337104704942
460,0.20792641791615554,-2.7472161745756285e-06,0.9993337802832769
461,0.20792367903936457,-2.7388767909752865e-06,0.9993338502818939
462,0.20792094845673648,-2.730582628091005e-06,0.9993339204647482
463,0.20791822612426675,-2.722332469728972e-06,0.9993339908302528
464,0.20791551199833214,-2.714125934610845e-06,0.9993340613768301
465,0.207912806036513,-2.705961819143843e-06,0.9993341321029132
466,0.20791010821532574,-2.6978211872530355e-06,0.9993342030069444
467,0.20790741842900262,-2.689786323117893e-06,0.9993342740873761
468,0.20790473669934104,-2.68172966158553e-06,0.9993343453426702
469,0.20790206295000047,-2.6737493405704083e-06,0.9993344167712985
470,0.20789939717351757,-2.6657764828907915e-06,0.9993344883717424
471,0.20789673929629715,-2.6578772204244316e-06,0.9993345601424932
472,0.20789408928566502,-2.650010632126998e-06,0.9993346320820514
473,0.20789144710227297,-2.6421833920486915e-06,0.9993347041889272
474,0.20788881270570067,-2.634396572304132e-06,0.9993347764616406
475,0.20788618605512507,-2.6266505755989655e-06,0.9993348488987207
476,0.20788356710922445,-2.6189459006176197e-06,0.9993349214987063
477,0.20788095583099295,-2.611278231506864e-06,0.9993349942601455
478,0.20787835217878298,-2.6036522099703863e-06,0.9993350671815957
479,0.20787575611371384,-2.5960650691381204e-06,0.9993351402616238
480,0.20787316759764715,-2.5885160666871965e-06,0.999335213498806
481,0.20787058659227517,-2.581005371982137e-06,0.9993352868917275
482,0.20786801305819094,-2.5735340842270027e-06,0.9993353604389826
483,0.20786544695848194,-2.566099709000458e-06,0.9993354341391754
484,0.20786288825345758,-2.5587050243580656e-06,0.9993355079909184
485,0.20786033690767997,-2.5513457776182857e-06,0.9993355819928336
486,0.2078577928831703,-2.544024509665288e-06,0.9993356561435518
487,0.20785525614186295,-2.5367413073462686e-06,0.9993357304417129
488,0.20785272664994475,-2.5294919182017317e-06,0.9993358048859656
489,0.20785020436884177,-2.5222811029790293e-06,0.9993358794749678
490,0.20784768922452868,-2.515144313097739e-06,0.9993359542073857
491,0.20784518129507606,-2.507929452610913e-06,0.999336029081895
492,0.20784268043147486,-2.5008636012069374e-06,0.9993361040971795
493,0.20784018663569118,-2.493795783681252e-06,0.9993361792519323
494,0.20783769987342995,-2.4867622612223528e-06,0.9993362545448545
495,0.20783522009835242,-2.4797750775296112e-06,0.9993363299746566
496,0.20783274725600853,-2.472842343892445e-06,0.999336405540057
497,0.2078302814357341,-2.465820274438757e-06,0.9993364812397829
498,0.20782782245834372,-2.4589773903738177e-06,0.9993365570725702
499,0.20782537032603765,-2.4521323060688882e-06,0.9993366330371628
500,0.2078229250527215,-2.4452733161373086e-06,0.9993367091323134
501,0.20782048655731883,-2.438495402684593e-06,0.9993367853567829
502,0.2078180548233285,-2.4317339903379143e-06,0.9993368617093406
503,0.2078156298151957,-2.4250081328003326e-06,0.9993369381887636
504,0.20781321150291399,-2.4183122817045266e-06,0.9993370147938379
505,0.20781079985331097,-2.4116496030179846e-06,0.999337091523357
506,0.20780839483249675,-2.405020814222336e-06,0.9993371683761233
507,0.20780599641096661,-2.398421530130923e-06,0.9993372453509466
508,0.20780360455444938,-2.3918565172365014e-06,0.999337322446645
509,0.20780121923258305,-2.385321866332779e-06,0.9993373996620446
510,0.20779884041393115,-2.3788186518935994e-06,0.9993374769959793
511,0.2077964680665952,-2.372347335938274e-06,0.9993375544472911
512,0.20779410216081887,-2.365905776346988e-06,0.9993376320148297
513,0.20779174266444356,-2.3594963753093e-06,0.9993377096974527
514,0.20778938954692147,-2.35311752208589e-06,0.9993377874940256
515,0.2077870427793841,-2.346767537381167e-06,0.999337865403421
516,0.20778470233047003,-2.3404489140621543e-06,0.99933794342452
517,0.2077823681706722,-2.3341597978343565e-06,0.9993380215562107
518,0.2077800402689157,-2.3279017564992177e-06,0.9993380997973891
519,0.2077777185979668,-2.3216709489071174e-06,0.9993381781469586
520,0.20777540317926113,-2.3154187056562137e-06,0.9993382566038301
521,0.20777309382626863,-2.309352992502234e-06,0.9993383351669223
522,0.2077707906681456,-2.3031581230237297e-06,0.9993384138351605
523,0.20776849362349017,-2.297044655430458e-06,0.9993384926074781
524,0.2077662026633302,-2.2909601599674367e-06,0.9993385714828156
525,0.20776391775952618,-2.2849038040229086e-06,0.9993386504601206
526,0.20776163888399754,-2.278875528644031e-06,0.999338729538348
527,0.20775936602890321,-2.272855094326287e-06,0.9993388087164601
528,0.20775709910584772,-2.266923055493919e-06,0.999338887993426
529,0.20775483814663237,-2.260959215349967e-06,0.999338967368222
530,0.20775258310549133,-2.2550411410415805e-06,0.9993390468398317
531,0.20775033395419,-2.2491513013422892e-06,0.9993391264072453
532,0.2077480906650151,-2.243289174891361e-06,0.9993392060694603
533,0.2077458532125451,-2.2374524699941833e-06,0.9993392858254809
534,0.20774362156828755,-2.2316442575553985e-06,0.9993393656743182
535,0.2077413957073607,-2.2258609268521745e-06,0.9993394456149904
536,0.20773917560187646,-2.220105484229684e-06,0.9993395256465222
537,0.20773696122712468,-2.2143747517855417e-06,0.9993396057679449
538,0.2077347525556838,-2.2086714408786623e-06,0.9993396859782969
539,0.20773254956252965,-2.202993154148958e-06,0.9993397662766231
540,0.20773035220671487,-2.19735581477587e-06,0.9993398466619751
541,0.20772816050694612,-2.1916997687554396e-06,0.9993399271334108
542,0.20772597439327975,-2.186113666369227e-06,0.9993400076899949
543,0.20772379385621378,-2.1805370659655487e-06,0.9993400883307985
544,0.2077216188700568,-2.174986156983083e-06,0.9993401690548991
545,0.20771944940918205,-2.169460874751339e-06,0.9993402498613808
546,0.20771728545060777,-2.1639585742749823e-06,0.9993403307493339
547,0.20771512696380368,-2.1584868040991356e-06,0.9993404117178551
548,0.2077129739381219,-2.153025681767007e-06,0.9993404927660474
549,0.2077108263074513,-2.1476306706069703e-06,0.99934057389302
550,0.20770868413729643,-2.1421701548729466e-06,0.9993406550978883
551,0.20770654731951368,-2.136817782744105e-06,0.9993407363797738
552,0.20770441585695726,-2.1314625564261558e-06,0.9993408177378045
553,0.20770228972745447,-2.126129502788565e-06,0.999340899171114
554,0.2077001689060508,-2.1208214036616546e-06,0.9993409806788423
555,0.20769805337049174,-2.115535559066295e-06,0.9993410622601351
556,0.2076959430977637,-2.1102727280342126e-06,0.9993411439141443
557,0.20769383806294803,-2.1050348156803622e-06,0.9993412256400277
558,0.20769173824538464,-2.0998175633835103e-06,0.999341307436949
559,0.20768964362077633,-2.0946246083175524e-06,0.9993413893040778
560,0.20768755416725126,-2.089453525061513e-06,0.9993414712405893
561,0.2076854698615386,-2.084305712662937e-06,0.9993415532456645
562,0.20768339068205946,-2.079179479141935e-06,0.9993416353184906
563,0.20768131660594394,-2.0740761155213505e-06,0.9993417174582598
564,0.20767924761183018,-2.068994113757494e-06,0.9993417996641706
565,0.2076771836766726,-2.063935157586849e-06,0.9993418819354267
566,0.20767512478415262,-2.0588925199738206e-06,0.9993419642712376
567,0.2076730708987491,-2.0538854035301313e-06,0.999342046670818
568,0.20767102201283158,-2.0488859175105123e-06,0.9993421291333889
569,0.20766897809798962,-2.0439148419593156e-06,0.9993422116581759
570,0.2076669391370414,-2.038960948219648e-06,0.9993422942444107
571,0.2076649051061702,-2.0340308712063493e-06,0.9993423768913299
572,0.2076628759849135,-2.029121256685862e-06,0.9993424595981758
573,0.2076608517522999,-2.0242326136121758e-06,0.9993425423641958
574,0.20765883238712787,-2.0193651720235017e-06,0.9993426251886429
575,0.20765681786926046,-2.014517867410248e-06,0.9993427080707753
576,0.2076548081784818,-2.009690778653761e-06,0.999342791009856
577,0.20765280329392966,-2.0048845521536407e-06,0.9993428740051538
578,0.20765080319523035,-2.000098699300734e-06,0.9993429570559421
579,0.2076488078622155,-1.9953330148425596e-06,0.9993430401615
580,0.20764681727497686,-1.9905872386538626e-06,0.9993431233211112
581,0.20764483141395448,-1.9858610223744133e-06,0.9993432065340646
582,0.2076428502584794,-1.981155475089258e-06,0.9993432897996544
583,0.20764087378938334,-1.976469096054423e-06,0.9993433731171792
584,0.2076389019875057,-1.971801877637125e-06,0.9993434564859432
585,0.20763693483329493,-1.9671542107746465e-06,0.9993435399052553
586,0.2076349722801626,-1.9625531323397283e-06,0.9993436233744288
587,0.20763301438841825,-1.957891744341911e-06,0.9993437068927826
588,0.207631061060489,-1.953327929238302e-06,0.99934379045964
589,0.20762911230316033,-1.9487573286736115e-06,0.9993438740743291
590,0.20762716809781864,-1.944205341691818e-06,0.9993439577361829
591,0.2076252284251129,-1.9396727057308105e-06,0.999344041444539
592,0.20762329326730652,-1.935157806387533e-06,0.9993441251987398
593,0.20762136260444597,-1.930662860555321e-06,0.9993442089981324
594,0.20761943641945432,-1.926184991646318e-06,0.9993442928420682
595,0.2076175146934715,-1.9217259828174793e-06,0.9993443767299035
596,0.20761559740882066,-1.9172846508486163e-06,0.9993444606609992
597,0.20761368454626514,-1.912862555519812e-06,0.9993445446347206
598,0.20761177608850553,-1.9084577596029106e-06,0.9993446286504375
599,0.20760987201742226,-1.9040710832751717e-06,0.9993447127075241
600,0.2076079723152086,-1.8997022136479913e-06,0.9993447968053594
601,0.20760607696473657,-1.8953504720420344e-06,0.9993448809433263
602,0.2076041860015645,-1.890963172074267e-06,0.9993449651208124
603,0.2076022992159995,-1.8867855650084309e-06,0.9993450493372097
604,0.2076004168445636,-1.8823714358906507e-06,0.9993451335919143
605,0.2075985387244134,-1.878120150206053e-06,0.999345217884327
606,0.20759666486772677,-1.873856686623876e-06,0.9993453022138521
607,0.20759479527110591,-1.8695966208515102e-06,0.9993453865798989
608,0.20759292985382793,-1.8654172779797307e-06,0.9993454709818805
609,0.20759106871273925,-1.8611410886881785e-06,0.9993455554192144
610,0.20758921173783562,-1.8569749036245753e-06,0.9993456398913221
611,0.20758735895357414,-1.8527842614857182e-06,0.9993457243976291
612,0.20758551032685335,-1.8486267207851181e-06,0.9993458089375655
613,0.20758366584637705,-1.8444804762984823e-06,0.9993458935105647
614,0.20758182549659915,-1.8403497779040379e-06,0.9993459781160648
615,0.207579989260284,-1.8362363151391836e-06,0.9993460627535076
616,0.2075781571216528,-1.8321386311970222e-06,0.9993461474223388
617,0.2075763290638636,-1.8280577891993666e-06,0.9993462321220085
618,0.20757450507246378,-1.8239913998352453e-06,0.9993463168519701
619,0.20757268512960003,-1.8199428637455384e-06,0.9993464016116813
620,0.20757086921964962,-1.8159099504089227e-06,0.9993464864006036
621,0.2075690573285188,-1.8118911308262486e-06,0.9993465712182025
622,0.2075672494353933,-1.8078931255105513e-06,0.9993466560639468
623,0.20756544553537135,-1.80390002194053e-06,0.9993467409373097
624,0.20756364560269666,-1.799932674684257e-06,0.9993468258377678
625,0.2075618496249962,-1.7959777004750155e-06,0.9993469107648015
626,0.2075600575884796,-1.792036516595763e-06,0.9993469957178952
627,0.20755826946872113,-1.7881197584557196e-06,0.9993470806965365
628,0.20755648527213924,-1.7841965818943262e-06,0.9993471657002171
629,0.20755470494292583,-1.780329213413312e-06,0.999347250728432
630,0.20755292853371995,-1.77640920587252e-06,0.99934733578068
631,0.2075511559692007,-1.772564519247899e-06,0.9993474208564636
632,0.20754938728492567,-1.7686842750386234e-06,0.9993475059552885
633,0.2075476223733333,-1.7649115923723535e-06,0.9993475910766644
634,0.2075458613128507,-1.7610604826079346e-06,0.999347676220104
635,0.20754410405774273,-1.7572551079536591e-06,0.999347761385124
636,0.20754235059320053,-1.7534645422034867e-06,0.9993478465712443
637,0.20754060090816484,-1.7496850356901739e-06,0.9993479317779882
638,0.20753885498027239,-1.7459278924547572e-06,0.9993480170048825
639,0.20753711281430887,-1.7421659635197262e-06,0.9993481022514575
640,0.20753537435776553,-1.7384565433320454e-06,0.9993481875172466
641,0.20753363963299457,-1.7347247709686986e-06,0.999348272801787
642,0.20753190861359333,-1.731019401235434e-06,0.9993483581046185
643,0.20753018128558923,-1.7273280041030237e-06,0.9993484434252851
644,0.20752845763479122,-1.7236507980078475e-06,0.9993485287633334
645,0.20752673764709506,-1.7199876961582206e-06,0.9993486141183133
646,0.20752502130969777,-1.7163373972894913e-06,0.9993486994897786
647,0.20752330860861026,-1.712701087508428e-06,0.9993487848772854
648,0.20752159952962626,-1.70907898400241e-06,0.9993488702803937
649,0.20751989406154814,-1.7054680781225517e-06,0.9993489556986661
650,0.20751819218556924,-1.7018759788933746e-06,0.9993490411316689
651,0.20751649393482974,-1.6982507395069124e-06,0.9993491265789711
652,0.2075147991691328,-1.6947656969468206e-06,0.9993492120401452
653,0.20751310800078432,-1.6911683484721607e-06,0.9993492975147662
654,0.2075114203748986,-1.6876258857323467e-06,0.9993493830024128
655,0.20750973627796293,-1.6840969356557434e-06,0.9993494685026664
656,0.20750805567436992,-1.6806035930128083e-06,0.9993495540151113
657,0.20750637861933408,-1.6770550358424785e-06,0.9993496395393351
658,0.20750470504190055,-1.673577433525253e-06,0.9993497250749283
659,0.20750303492119873,-1.6701207018188224e-06,0.9993498106214841
660,0.20750136827535876,-1.6666458399761108e-06,0.999349896178599
661,0.20749970508106852,-1.6631942902356478e-06,0.9993499817458723
662,0.20749804535116145,-1.6597299070664207e-06,0.999350067322906
663,0.20749638899797823,-1.6563531832214373e-06,0.9993501529093053
664,0.2074947360839043,-1.6529140739185433e-06,0.9993502385046779
665,0.2074930865713471,-1.6495125572113523e-06,0.9993503241086346
666,0.20749144044804377,-1.6461233033338019e-06,0.9993504097207888
667,0.20748979770119236,-1.6427468514101928e-06,0.999350495340757
668,0.2074881583194286,-1.6393817637572194e-06,0.9993505809681584
669,0.20748652228977593,-1.6360296526685136e-06,0.9993506666026147
670,0.20748488960099082,-1.6326887851136895e-06,0.9993507522437506
671,0.20748326023995367,-1.6293610371476142e-06,0.9993508378911933
672,0.20748163419549853,-1.6260444551385866e-06,0.999350923544573
673,0.20748001145461928,-1.6227408792535147e-06,0.9993510092035223
674,0.20747839200170126,-1.619452918016906e-06,0.9993510948676766
675,0.20747677583971658,-1.6161619846855046e-06,0.9993511805366739
676,0.2074751629413129,-1.6128984036689609e-06,0.999351266210155
677,0.2074735533358416,-1.609605471297737e-06,0.9993513518877631
678,0.20747194690337692,-1.6064324646902772e-06,0.999351437569144
679,0.20747034374123569,-1.6031621412337937e-06,0.9993515232539462
680,0.20746874380158867,-1.5999396470178784e-06,0.9993516089418207
681,0.20746714707227115,-1.5967293175156438e-06,0.999351694632421
682,0.20746555354322155,-1.593529049603859e-06,0.9993517803254032
683,0.20746396320247748,-1.5903407440676087e-06,0.9993518660204257
684,0.2074623760376339,-1.5871648435805685e-06,0.9993519517171497
685,0.20746079203889217,-1.5839987417276546e-06,0.9993520374152388
686,0.20745921119443372,-1.580844458448638e-06,0.9993521231143588
687,0.20745763349335242,-1.577701081306726e-06,0.9993522088141782
688,0.20745605892455796,-1.5745687944601627e-06,0.9993522945143678
689,0.2074544874593902,-1.5714651677434244e-06,0.9993523802146008
690,0.20745291914939856,-1.568309991650807e-06,0.9993524659145528
691,0.2074513539020143,-1.5652473842608927e-06,0.9993525516139019
692,0.2074497917528057,-1.5621492086004274e-06,0.9993526373123284
693,0.20744823268072274,-1.559072082962798e-06,0.9993527230095148
694,0.20744667667623498,-1.5560044877571677e-06,0.9993528087051464
695,0.20744512372796994,-1.5529482650378235e-06,0.9993528943989103
696,0.20744357382535103,-1.5499026189136345e-06,0.9993529800904961
697,0.20744202695801378,-1.5468673372487363e-06,0.9993530657795957
698,0.2074404831146568,-1.543843356988095e-06,0.9993531514659033
699,0.2074389422860091,-1.540828647700332e-06,0.9993532371491152
700,0.20743740446082162,-1.5378251874698101e-06,0.99935332282893
701,0.20743586962857782,-1.5348322437991335e-06,0.9993534085050484
702,0.20743433778037185,-1.531848205976738e-06,0.9993534941771736
703,0.20743280890386975,-1.5288765020937678e-06,0.9993535798450106
704,0.20743128300155955,-1.5259023102009994e-06,0.9993536655082669
705,0.20742976002891822,-1.5229726413323874e-06,0.9993537511666519
706,0.207428240009903,-1.5200190152109272e-06,0.9993538368198774
707,0.20742672292277578,-1.5170871272285336e-06,0.999353922467657
708,0.20742520875835785,-1.5141644179317293e-06,0.9993540081097066
709,0.2074236975055522,-1.511252805647123e-06,0.9993540937457442
710,0.20742218915499144,-1.5083505607582648e-06,0.99935417937549
711,0.207420683697017,-1.5054579744488983e-06,0.9993542649986658
712,0.20741918110467594,-1.5025923410516562e-06,0.9993543506149959
713,0.20741768141837932,-1.4996862966187852e-06,0.9993544362242065
714,0.20741618457845884,-1.4968399204839944e-06,0.9993545218260259
715,0.20741469054523332,-1.4940332255242161e-06,0.9993546074201842
716,0.2074131994500134,-1.4910952199076455e-06,0.9993546930064137
717,0.20741171114112975,-1.4883088836625813e-06,0.9993547785844485
718,0.2074102256573316,-1.4854837981359559e-06,0.999354864154025
719,0.20740874298811562,-1.4826692159852772e-06,0.999354949714881
720,0.2074072631249163,-1.4798631993162559e-06,0.999355035266757
721,0.20740578605815221,-1.4770667640939816e-06,0.9993551208093945
722,0.20740431177801585,-1.4742801363598623e-06,0.9993552063425377
723,0.2074028402750046,-1.4715030112466554e-06,0.9993552918659324
724,0.20740137154017718,-1.4687348274255996e-06,0.9993553773793263
725,0.20739990556490237,-1.465975274811404e-06,0.999355462882469
726,0.2073984423388831,-1.4632260192659619e-06,0.9993555483751118
727,0.20739698188423494,-1.4604546481611358e-06,0.9993556338570081
728,0.20739552410085482,-1.457783380121036e-06,0.999355719327913
729,0.20739406907015334,-1.455030701480453e-06,0.9993558047875833
730,0.20739261675307374,-1.452317079597698e-06,0.9993558902357781
731,0.20739116714021677,-1.4496128569740918e-06,0.9993559756722578
732,0.2073897201884437,-1.446951773065308e-06,0.9993560610967845
733,0.20738827599295614,-1.4441954875599183e-06,0.9993561465091227
734,0.20738683444073233,-1.4415522238131473e-06,0.9993562319090382
735,0.20738539555727836,-1.438883453969142e-06,0.9993563172962985
736,0.20738395933474665,-1.4362225317088306e-06,0.999356402670673
737,0.20738252574513283,-1.4335896138251147e-06,0.999356488031933
738,0.20738109483438405,-1.4309107487786576e-06,0.9993565733798512
739,0.2073796665406866,-1.4282936974530092e-06,0.999356658714202
740,0.20737824086689904,-1.4256737875528724e-06,0.9993567440347618
741,0.20737681782067088,-1.423046228160585e-06,0.9993568293413084
742,0.20737539737811794,-1.420442552940715e-06,0.9993569146336215
743,0.20737397953572884,-1.4178423891064718e-06,0.9993569999114822
744,0.20737256428494982,-1.4152507790132773e-06,0.9993570851746734
745,0.2073711516175226,-1.4126674272307849e-06,0.9993571704229797
746,0.2073697415253277,-1.4100921948978495e-06,0.999357255656187
747,0.20736833399929483,-1.4075260328649808e-06,0.9993573408740835
748,0.2073669290052299,-1.4049940649241144e-06,0.999357426076458
749,0.20736552661457286,-1.4023906570459488e-06,0.9993575112631019
750,0.20736412673902654,-1.3998755463151547e-06,0.9993575964338074
751,0.20736272938242772,-1.3973565988201209e-06,0.9993576815883688
752,0.20736133458115732,-1.3948012703990376e-06,0.9993577667265817
753,0.2073599422826608,-1.3922984965220042e-06,0.9993578518482433
754,0.20735855249326426,-1.3897893965386654e-06,0.9993579369531523
755,0.2073571652059739,-1.3872872903775146e-06,0.999358022041109
756,0.20735578041132327,-1.38479465061625e-06,0.9993581071119152
757,0.20735439810249587,-1.382308827402312e-06,0.9993581921653741
758,0.2073530182709794,-1.379831516462593e-06,0.9993582772012908
759,0.20735164090940492,-1.3773615744894219e-06,0.9993583622194712
760,0.20735026600961864,-1.3748997862716994e-06,0.9993584472197231
761,0.20734889356380004,-1.3724458186037403e-06,0.999358532201856
762,0.20734752356465241,-1.3699991476268103e-06,0.9993586171656803
763,0.20734615600337672,-1.3675612756947064e-06,0.9993587021110082
764,0.20734479087393473,-1.3651294419880777e-06,0.9993587870376534
765,0.20734342816738074,-1.3627065539867367e-06,0.9993588719454307
766,0.20734206787550805,-1.3602918726984825e-06,0.9993589568341565
767,0.20734071000444376,-1.3578710642836445e-06,0.9993590417036489
768,0.20733935450930585,-1.3554951379113334e-06,0.9993591265537267
769,0.20733800141909964,-1.3530902062131034e-06,0.9993592113842109
770,0.20733665071476262,-1.3507043370164507e-06,0.9993592961949231
771,0.20733530238792533,-1.3483268372915802e-06,0.999359380985687
772,0.20733395643152847,-1.3459563968643007e-06,0.9993594657563272
773,0.20733261283822163,-1.3435933068350892e-06,0.9993595505066696
774,0.207331271601218,-1.3412370036269827e-06,0.9993596352365418
775,0.207329932711845,-1.3388893730092999e-06,0.9993597199457724
776,0.20732859616410768,-1.3365477373183943e-06,0.9993598046341916
777,0.2073272619252602,-1.3342388474890665e-06,0.9993598893016308
778,0.20732593006203934,-1.3318632208492165e-06,0.9993599739479225
779,0.20732460049454052,-1.3295674988200723e-06,0.9993600585729009
780,0.20732327323864738,-1.3272558931354261e-06,0.9993601431764011
781,0.20732194828762282,-1.3249510245616491e-06,0.9993602277582597
782,0.20732062562504006,-1.3226625827644778e-06,0.9993603123183147
783,0.20731930527339057,-1.3203516494864065e-06,0.999360396856405
784,0.20731798719518568,-1.318078204887163e-06,0.999360481372371
785,0.2073166713941238,-1.3158010618852245e-06,0.9993605658660543
786,0.20731535789969313,-1.3134944306658625e-06,0.9993606503372977
787,0.2073140465949771,-1.311304716034023e-06,0.9993607347859453
788,0.20731273758265895,-1.3090123181513924e-06,0.9993608192118424
789,0.20731143081986128,-1.30676279766484e-06,0.9993609036148354
790,0.2073101262993954,-1.304520465872372e-06,0.9993609879947722
791,0.20730882401396475,-1.3022854306599108e-06,0.9993610723515015
792,0.2073075239573515,-1.300056613251499e-06,0.9993611566848735
793,0.20730622612248203,-1.2978348694625552e-06,0.9993612409947393
794,0.20730493046444187,-1.2956580401624063e-06,0.9993613252809516
795,0.20730363709169572,-1.293372746152821e-06,0.9993614095433638
796,0.20730234588229726,-1.2912093984573936e-06,0.9993614937818308
797,0.20730105686808592,-1.2890142113419767e-06,0.9993615779962084
798,0.20729977003508782,-1.2868329981041704e-06,0.9993616621863537
799,0.20729848539850532,-1.2846365824992212e-06,0.9993617463521249
800,0.20729720292989448,-1.2824686108359185e-06,0.9993618304933812
801,0.2072959226298744,-1.2803000200845016e-06,0.9993619146099832
802,0.20729464449224483,-1.2781376295678548e-06,0.9993619987017924
803,0.2072933684449222,-1.2760473226403057e-06,0.9993620827686714
804,0.2072920946779984,-1.2737669237983251e-06,0.9993621668104841
805,0.20729082298871074,-1.271689287651867e-06,0.9993622508270951
806,0.207289553435611,-1.269553099730869e-06,0.9993623348183703
807,0.20728828601273272,-1.2674228782871833e-06,0.999362418784177
808,0.20728702071299424,-1.2652997384843268e-06,0.9993625027243829
809,0.20728575753182205,-1.263181172189709e-06,0.9993625866388574
810,0.2072844964612939,-1.2610705281412837e-06,0.9993626705274704
811,0.20728323749527627,-1.2589660176309803e-06,0.9993627543900934
812,0.20728198062812686,-1.2568671494128658e-06,0.9993628382265984
813,0.20728072585376958,-1.2547743572788317e-06,0.999362922036859
814,0.20727947316582024,-1.2526879493435228e-06,0.9993630058207491
815,0.2072782225574971,-1.2506083231500487e-06,0.9993630895781443
816,0.2072769740229398,-1.2485345572965656e-06,0.999363173308921
817,0.2072757275568723,-1.2464660675004513e-06,0.9993632570129564
818,0.2072744831731097,-1.244383762588619e-06,0.9993633406901288
819,0.20727324080336423,-1.2423697454688742e-06,0.9993634243403177
820,0.20727200050409,-1.2402992742299723e-06,0.9993635079634032
821,0.20727076222248142,-1.2382816085843018e-06,0.9993635915592669
822,0.20726952603067816,-1.2361918032555153e-06,0.9993636751277908
823,0.207268291844668,-1.2341860101683366e-06,0.9993637586688583
824,0.20726705968450718,-1.2321601608189514e-06,0.9993638421823534
825,0.20726582959215467,-1.2300923525054852e-06,0.9993639256681616
826,0.20726460141764053,-1.2281745141451417e-06,0.9993640091261685
827,0.20726337529947875,-1.2261181617789774e-06,0.9993640925562616
828,0.20726215118408148,-1.2241153972691876e-06,0.9993641759583286
829,0.20726092906483953,-1.222119241944819e-06,0.9993642593322584
830,0.20725970893638576,-1.2201284537716184e-06,0.9993643426779408
831,0.20725849079251626,-1.2181438694969238e-06,0.9993644259952668
832,0.20725727462933918,-1.2161631770812864e-06,0.9993645092841277
833,0.2072560604376587,-1.2141916804764286e-06,0.9993645925444161
834,0.2072548482148104,-1.2122228482958075e-06,0.9993646757760256
835,0.20725363795467935,-1.2102601310570726e-06,0.9993647589788504
836,0.20725242968721325,-1.20826746610736e-06,0.9993648421527856
837,0.20725122329704787,-1.2063901653758258e-06,0.9993649252977276
838,0.20725001888893205,-1.2044081158235631e-06,0.999365008413573
839,0.20724881643872417,-1.2024502078766819e-06,0.9993650915002199
840,0.20724761588731785,-1.2005514063162526e-06,0.9993651745575668
841,0.20724641728168833,-1.1986056295265612e-06,0.9993652575855134
842,0.2072452205995954,-1.1966820929187882e-06,0.99936534058396
843,0.20724402583531457,-1.1947642808429748e-06,0.9993654235528079
844,0.2072428329831698,-1.1928521447546192e-06,0.9993655064919591
845,0.20724164203751744,-1.190945652373987e-06,0.9993655894013166
846,0.2072404529937742,-1.1890437432438006e-06,0.999365672280784
847,0.20723926584580213,-1.1871479720648725e-06,0.9993657551302659
848,0.20723808058825038,-1.1852575517445896e-06,0.9993658379496678
849,0.20723689721611716,-1.1833721332288327e-06,0.9993659207388959
850,0.2072357157239242,-1.1814921929420574e-06,0.9993660034978569
851,0.2072345360973915,-1.1796265327046473e-06,0.9993660862264588
852,0.20723335835808035,-1.177739311158943e-06,0.9993661689246103
853,0.2072321824734392,-1.1758846411580315e-06,0.9993662515922205
854,0.20723100844812553,-1.1740253136605094e-06,0.9993663342291997
855,0.20722983625456104,-1.1721935644914971e-06,0.9993664168354589
856,0.20722866594430311,-1.1703102579252445e-06,0.9993664994109098
857,0.20722749747262467,-1.16847167844214e-06,0.9993665819554648
858,0.20722633080239938,-1.166670225288824e-06,0.9993666644690371
859,0.20722516602147661,-1.1647809227688377e-06,0.9993667469515408
860,0.2072240030401278,-1.1629813488067686e-06,0.9993668294028908
861,0.20722284188146847,-1.161158659335193e-06,0.9993669118230023
862,0.20722168254084963,-1.1593406188392663e-06,0.9993669942117916
863,0.20722052501209298,-1.157528756651205e-06,0.999367076569176
864,0.20721936929108487,-1.1557210081170055e-06,0.9993671588950729
865,0.20721821537274096,-1.1539183439046585e-06,0.9993672411894009
866,0.20721706325185557,-1.1521208853892961e-06,0.9993673234520791
867,0.20721591288805608,-1.150363799495846e-06,0.9993674056830275
868,0.20721476438280595,-1.1485052501258863e-06,0.9993674878821666
869,0.20721361762464238,-1.1467581635671298e-06,0.9993675700494177
870,0.20721247263668052,-1.1449879618596892e-06,0.9993676521847029
871,0.20721132944147713,-1.1431952033902348e-06,0.9993677342879449
872,0.20721018799700347,-1.1414444736623786e-06,0.9993678163590671
873,0.20720904832056772,-1.1396764357518574e-06,0.9993678983979938
874,0.20720791040181116,-1.137918756555223e-06,0.9993679804046495
875,0.20720677423428113,-1.1361675300303187e-06,0.9993680623789598
876,0.20720563985270135,-1.1343815797815182e-06,0.9993681443208509
877,0.2072045071203963,-1.1327323050647209e-06,0.9993682262302496
878,0.20720337621542162,-1.1309049746666133e-06,0.9993683081070834
879,0.20720224701645937,-1.1291989622519427e-06,0.9993683899512804
880,0.207201119546883,-1.1274695763674458e-06,0.9993684717627696
881,0.20719999380222853,-1.1257446544676863e-06,0.9993685535414804
882,0.2071988697780664,-1.1240241621357505e-06,0.9993686352873428
883,0.20719774746951453,-1.1223085518707876e-06,0.9993687170002876
884,0.2071966268713029,-1.120598211612478e-06,0.9993687986802463
885,0.20719550797966044,-1.1188916424764717e-06,0.9993688803271511
886,0.20719439078952442,-1.1171901360129688e-06,0.9993689619409344
887,0.2071932753045469,-1.1154849775263376e-06,0.9993690435215297
888,0.20719216149538047,-1.1138091664253391e-06,0.9993691250688709
889,0.20719104938284869,-1.1121125317870018e-06,0.9993692065828925
890,0.20718993895294738,-1.110429901307608e-06,0.9993692880635298
891,0.20718883020238035,-1.1087505670248632e-06,0.9993693695107185
892,0.2071877231523721,-1.1070500082477341e-06,0.9993694509243951
893,0.20718661769926905,-1.1054531030563197e-06,0.9993695323044967
894,0.20718551397780605,-1.1037214630027492e-06,0.9993696136509606
895,0.207184411897136,-1.1020806700567931e-06,0.9993696949637252
896,0.20718331147267913,-1.1004244568624255e-06,0.9993697762427293
897,0.20718221270045267,-1.0987722264543809e-06,0.9993698574879123
898,0.20718111557571747,-1.0971247351998503e-06,0.9993699386992142
899,0.20718002008651015,-1.095489207320055e-06,0.9993700198765755
900,0.20717892625099318,-1.093835516968733e-06,0.9993701010199374
901,0.2071778340427162,-1.0922082769870833e-06,0.9993701821292414
902,0.20717674346455653,-1.0905781596681763e-06,0.9993702632044301
903,0.20717565451172168,-1.0889528348489996e-06,0.9993703442454462
904,0.20717456718060437,-1.0873311173109634e-06,0.9993704252522331
905,0.20717348146608558,-1.0857145187892492e-06,0.9993705062247348
906,0.20717239736514895,-1.0841009366324705e-06,0.9993705871628957
907,0.20717131487289017,-1.0824922587748809e-06,0.9993706680666611
908,0.2071702339845013,-1.0808883888768772e-06,0.9993707489359764
909,0.20716915469584657,-1.0792886547261737e-06,0.999370829770788
910,0.20716807700368156,-1.0776921650079707e-06,0.9993709105710423
911,0.20716700090325083,-1.0761004307358046e-06,0.9993709913366869
912,0.20716592639015632,-1.0745130945011283e-06,0.9993710720676693
913,0.20716485346007205,-1.072930084278223e-06,0.999371152763938
914,0.2071637821096078,-1.0713504642323457e-06,0.9993712334254417
915,0.2071627123344163,-1.0697751915145215e-06,0.9993713140521298
916,0.20716164412967406,-1.0682047422438945e-06,0.9993713946439522
917,0.20716057752146633,-1.0666082077281924e-06,0.9993714752008592
918,0.20715951241726957,-1.065104196756872e-06,0.9993715557228019
919,0.20715844890097218,-1.063516297389322e-06,0.9993716362097316
920,0.20715738693928426,-1.0619616879203875e-06,0.9993717166616002
921,0.20715632653368088,-1.060405603381387e-06,0.9993717970783601
922,0.20715526766383288,-1.0588698479974124e-06,0.9993718774599644
923,0.20715421034180254,-1.0573220303455866e-06,0.9993719578063662
924,0.20715315455814776,-1.0557836547797628e-06,0.9993720381175197
925,0.20715210030940026,-1.0542487474951567e-06,0.9993721183933792
926,0.20715104759109557,-1.0527183046948885e-06,0.9993721986338997
927,0.20714999639927173,-1.0511918238365059e-06,0.9993722788390365
928,0.20714894673029324,-1.0496689784866842e-06,0.9993723590087452
929,0.20714789858046054,-1.0481498327052918e-06,0.9993724391429826
930,0.20714685194522198,-1.0466352385607447e-06,0.9993725192417051
931,0.20714580682017414,-1.045125047838269e-06,0.9993725993048701
932,0.2071447632033288,-1.0436168453309413e-06,0.9993726793324355
933,0.20714372108927093,-1.0421140578809052e-06,0.9993727593243593
934,0.2071426804614036,-1.0406278673213976e-06,0.9993728392806003
935,0.20714164135524724,-1.0391061563697068e-06,0.9993729192011175
936,0.20714060372787588,-1.037627371358596e-06,0.9993729990858705
937,0.20713956758796354,-1.0361399123415271e-06,0.9993730789348194
938,0.2071385329325852,-1.0346553783457946e-06,0.9993731587479247
939,0.20713749975700124,-1.0331755839476653e-06,0.9993732385251473
940,0.20713646805853153,-1.0316984697111842e-06,0.9993733182664484
941,0.2071354378319781,-1.030226553427882e-06,0.99937339797179
942,0.20713440907500646,-1.0287569716382894e-06,0.9993734776411344
943,0.20713338178380378,-1.0272912026876302e-06,0.9993735572744441
944,0.2071323559533216,-1.0258304821708641e-06,0.9993736368716822
945,0.20713133158127786,-1.0243720437452808e-06,0.9993737164328125
946,0.20713030866907822,-1.0229121996385704e-06,0.9993737959577987
947,0.20712928719580675,-1.02147327146751e-06,0.9993738754466054
948,0.20712826717517913,-1.0200206276289592e-06,0.9993739548991972
949,0.20712724859765086,-1.0185775282667286e-06,0.9993740343155395
950,0.20712623146006864,-1.0171375822154438e-06,0.9993741136955978
951,0.20712521575789403,-1.0157021746171058e-06,0.9993741930393383
952,0.20712420148874283,-1.0142691511949575e-06,0.9993742723467274
953,0.20712318864784285,-1.012840899983214e-06,0.9993743516177319
954,0.20712217723229215,-1.0114155507001676e-06,0.9993744308523191
955,0.2071211672267811,-1.010005511059564e-06,0.9993745100504569
956,0.20712015866205855,-1.0085647225432925e-06,0.999374589212113
957,0.20711915152233096,-1.0071397275879246e-06,0.9993746683372561
958,0.207118145750181,-1.0057721499534544e-06,0.9993747474258551
959,0.20711714138056536,-1.004369615642542e-06,0.9993748264778791
960,0.20711613846778376,-1.0029127816002514e-06,0.9993749054932979
961,0.20711513692959416,-1.0015381896044673e-06,0.9993749844720814
962,0.20711413678748147,-1.0001421126837329e-06,0.9993750634142
963,0.20711313804102394,-9.987464575367255e-07,0.9993751423196247
964,0.20711214068079634,-9.973602276003302e-07,0.9993752211883264
965,0.2071111446804781,-9.960003182485355e-07,0.9993753000202769
966,0.2071101501208247,-9.945596533833534e-07,0.9993753788154479
967,0.2071091569547968,-9.931660278905685e-07,0.9993754575738117
968,0.20710816507961222,-9.918751845972018e-07,0.9993755362953411
969,0.20710717462007863,-9.904595335841204e-07,0.9993756149800092
970,0.20710618553031424,-9.890897643971552e-07,0.9993756936277891
971,0.2071051978062614,-9.877240528255449e-07,0.9993757722386547
972,0.2071042114452086,-9.863610528071387e-07,0.9993758508125802
973,0.20710322644389256,-9.850013160395132e-07,0.9993759293495399
974,0.2071022427983947,-9.836454978595643e-07,0.9993760078495086
975,0.20710126050583938,-9.822925553237827e-07,0.9993760863124616
976,0.20710027956283844,-9.80943000938872e-07,0.9993761647383743
977,0.20709929996591842,-9.795969200254717e-07,0.9993762431272227
978,0.20709832171182016,-9.78254098255027e-07,0.9993763214789829
979,0.2070973447972072,-9.769146129545714e-07,0.9993763997936316
980,0.20709636921935368,-9.75577853529197e-07,0.9993764780711454
981,0.20709539497436488,-9.742449887939486e-07,0.9993765563115017
982,0.20709442205955012,-9.729148147674671e-07,0.9993766345146782
983,0.20709345050550731,-9.71554042800138e-07,0.9993767126806524
984,0.20709248020551607,-9.702999912430954e-07,0.999376790809403
985,0.20709151126068184,-9.689448342287132e-07,0.9993768689009083
986,0.20709054363320073,-9.676274811132313e-07,0.9993769469551471
987,0.20708957731860136,-9.663145993654698e-07,0.9993770249720988
988,0.20708861231551656,-9.65003084801852e-07,0.9993771029517429
989,0.20708764861926135,-9.636962552128647e-07,0.999377180894059
990,0.20708668622756282,-9.623916985279646e-07,0.9993772587990276
991,0.20708572513708925,-9.610904735668502e-07,0.9993773366666291
992,0.20708476537597076,-9.597611184963828e-07,0.9993774144968441
993,0.207083806846529,-9.58529441763556e-07,0.999377492289654
994,0.20708284964068788,-9.57205841117803e-07,0.9993775700450399
995,0.20708189372341212,-9.559172757522827e-07,0.9993776477629838
996,0.2070809390920173,-9.546313948227692e-07,0.9993777254434676
997,0.20707998574287242,-9.533491448776577e-07,0.9993778030864736
998,0.20707903367310487,-9.520697675513556e-07,0.9993778806919846
999,0.2070780828798514,-9.507932534624786e-07,0.9993779582599834
1000,0.20707713335969666,-9.495201547526921e-07,0.9993780357904533
1001,0.20707618511004872,-9.482496479418234e-07,0.9993781132833777
1002,0.20707523812781128,-9.469822374319481e-07,0.9993781907387405
1003,0.20707429242313735,-9.457046739325126e-07,0.9993782681565259
1004,0.20707334795267415,-9.444704631988987e-07,0.9993783455367181
1005,0.20707240471413102,-9.432385431329404e-07,0.999378422879302
1006,0.2070714628102806,-9.41903850415482e-07,0.9993785001842624
1007,0.20707052211919266,-9.40691087941703e-07,0.9993785774515849
1008,0.20706958267745174,-9.394417409269717e-07,0.9993786546812545
1009,0.2070686444821381,-9.381953136322618e-07,0.9993787318732575
1010,0.20706770752996595,-9.369521721536156e-07,0.9993788090275798
1011,0.20706677181827884,-9.357116871056004e-07,0.9993788861442078
1012,0.20706583734446166,-9.344738171879197e-07,0.9993789632231281
1013,0.20706490410490508,-9.332395565775364e-07,0.9993790402643278
1014,0.20706397209728233,-9.320076227448126e-07,0.9993791172677938
1015,0.2070630413183074,-9.307789749224415e-07,0.9993791942335138
1016,0.20706211176983302,-9.295484743876425e-07,0.9993792711614755
1017,0.20706118343569344,-9.283341395882605e-07,0.9993793480516668
1018,0.20706025632595476,-9.271097386742699e-07,0.9993794249040762
1019,0.20705933043358893,-9.258923658328477e-07,0.9993795017186918
1020,0.20705840575566234,-9.246779265892346e-07,0.9993795784955027
1021,0.20705748228980309,-9.234658592538469e-07,0.999379655234498
1022,0.20705656005959727,-9.222302058131682e-07,0.9993797319356669
1023,0.20705563896351697,-9.210960802974455e-07,0.9993798085989988
1024,0.20705471913264573,-9.198308712488057e-07,0.9993798852244836
1025,0.20705380048465674,-9.186479889844446e-07,0.9993799618121115
1026,0.20705288303490438,-9.174497523634084e-07,0.9993800383618727
1027,0.20705196677934695,-9.162555574260267e-07,0.9993801148737577
1028,0.20705105171039673,-9.150689502246401e-07,0.9993801913477574
1029,0.20705013784185594,-9.138685407861225e-07,0.9993802677838628
1030,0.20704922515410099,-9.126877549558987e-07,0.9993803441820652
1031,0.2070483136506321,-9.115034688977897e-07,0.9993804205423562
1032,0.20704740332784424,-9.103227878448639e-07,0.9993804968647275
1033,0.20704649418318258,-9.091446616649179e-07,0.9993805731491711
1034,0.2070455862144352,-9.079687473823039e-07,0.9993806493956793
1035,0.20704467941846288,-9.067959723108032e-07,0.9993807256042445
1036,0.20704377379290648,-9.056255564077187e-07,0.9993808017748596
1037,0.20704286929315918,-9.044997472951177e-07,0.9993808779075173
1038,0.20704196604101976,-9.03252139416999e-07,0.9993809540022109
1039,0.2070410639093437,-9.021316760560172e-07,0.999381030058934
1040,0.2070401629376348,-9.009717089059066e-07,0.9993811060776798
1041,0.20703926312252044,-8.998151143635447e-07,0.9993811820584426
1042,0.20703836446155127,-8.986609691674641e-07,0.9993812580012162
1043,0.20703746695227193,-8.975092793406247e-07,0.9993813339059952
1044,0.20703657060248215,-8.963497897807038e-07,0.9993814097727738
1045,0.20703567537763845,-8.95224843699971e-07,0.9993814856015469
1046,0.20703478130705316,-8.940705852888975e-07,0.9993815613923096
1047,0.20703388837738576,-8.929296674009546e-07,0.9993816371450569
1048,0.20703299658620528,-8.91791180485102e-07,0.9993817128597843
1049,0.20703210594031707,-8.906458882074197e-07,0.9993817885364873
1050,0.20703121640907945,-8.895312376133724e-07,0.9993818641751618
1051,0.20703032801780308,-8.883912763768542e-07,0.9993819397758039
1052,0.20702944075483615,-8.872629669309795e-07,0.9993820153384099
1053,0.20702855461779052,-8.861370456303419e-07,0.999382090862976
1054,0.20702766960312166,-8.850146688554883e-07,0.9993821663494991
1055,0.20702678570925842,-8.838938632405036e-07,0.999382241797976
1056,0.20702590295318823,-8.827560701862858e-07,0.9993823172084038
1057,0.20702502127308395,-8.816801042865752e-07,0.9993823925807797
1058,0.20702414072527586,-8.805478080853302e-07,0.9993824679151012
1059,0.20702326128812418,-8.794371516851474e-07,0.9993825432113661
1060,0.20702238295897177,-8.78329152409485e-07,0.9993826184695721
1061,0.20702150573547995,-8.772234918186239e-07,0.9993826936897174
1062,0.20702062961474227,-8.76120737680619e-07,0.9993827688718002
1063,0.20701975459751487,-8.750172273974677e-07,0.9993828440158191
1064,0.20701888067411067,-8.739234041987842e-07,0.9993829191217726
1065,0.20701800784585284,-8.728282578363e-07,0.9993829941896596
1066,0.20701713611224778,-8.71733605051217e-07,0.9993830692194791
1067,0.20701626546979543,-8.706424523552414e-07,0.9993831442112304
1068,0.2070153959164195,-8.695533759428553e-07,0.9993832191649129
1069,0.20701452744674484,-8.684696746474874e-07,0.9993832940805263
1070,0.20701366006168204,-8.673850628027058e-07,0.9993833689580702
1071,0.20701279375708564,-8.663045963919203e-07,0.9993834437975447
1072,0.20701192853177036,-8.652253152829914e-07,0.9993835185989499
1073,0.20701106440221995,-8.641295504152602e-07,0.9993835933622862
1074,0.20701020130646455,-8.630957553934504e-07,0.9993836680875541
1075,0.20700933930246584,-8.620039987083938e-07,0.9993837427747542
1076,0.2070084784071362,-8.608953296351807e-07,0.9993838174238876
1077,0.2070076184990199,-8.599081162963262e-07,0.999383892034955
1078,0.2070067596948805,-8.588041394141932e-07,0.999383966607958
1079,0.20700590195260932,-8.577422711819604e-07,0.9993840411428979
1080,0.20700504527064842,-8.566819608979426e-07,0.9993841156397761
1081,0.20700418964554582,-8.556251026026196e-07,0.9993841900985947
1082,0.20700333507506577,-8.54570480046668e-07,0.9993842645193552
1083,0.20700248155773476,-8.535173310064703e-07,0.9993843389020599
1084,0.20700162909068068,-8.524670540854817e-07,0.9993844132467111
1085,0.20700077768795955,-8.514027211303787e-07,0.9993844875533112
1086,0.20699992729819028,-8.503897692690998e-07,0.9993845618218627
1087,0.2069990779685167,-8.493296735911926e-07,0.9993846360523685
1088,0.20699822967984427,-8.482886724170413e-07,0.9993847102448313
1089,0.20699738243015436,-8.472496899059045e-07,0.9993847843992545
1090,0.20699653621695108,-8.462132032871494e-07,0.9993848585156411
1091,0.20699569103813498,-8.451788161001339e-07,0.9993849325939945
1092,0.20699484685769076,-8.441804442149703e-07,0.9993850066343184
1093,0.20699400377468627,-8.430830044925397e-07,0.9993850806366165
1094,0.20699316168536464,-8.420893216343206e-07,0.9993851546008926
1095,0.20699232062156292,-8.41063801715336e-07,0.9993852285271508
1096,0.20699148058086322,-8.400406996955656e-07,0.9993853024153952
1097,0.2069906415612227,-8.390196405139161e-07,0.9993853762656304
1098,0.20698980356034605,-8.380008766628588e-07,0.9993854500778605
1099,0.20698896657589713,-8.369844489153344e-07,0.9993855238520906
1100,0.20698813060584983,-8.359700472970744e-07,0.999385597588325
1101,0.20698729564774757,-8.349581022693009e-07,0.9993856712865691
1102,0.20698646169953347,-8.33948214096214e-07,0.9993857449468277
1103,0.20698562875922072,-8.329403127504964e-07,0.9993858185691062
1104,0.20698479682448245,-8.31934738265705e-07,0.99938589215341
1105,0.206983965892905,-8.309315774612802e-07,0.9993859656997446
1106,0.20698313596306173,-8.299298432656865e-07,0.9993860392081156
1107,0.20698230703211026,-8.289309514630805e-07,0.999386112678529
1108,0.20698147909795922,-8.279341510430971e-07,0.9993861861109906
1109,0.2069806521587507,-8.269392085258342e-07,0.9993862595055066
1110,0.20697982621243022,-8.259463204762785e-07,0.9993863328620832
1111,0.2069790012560244,-8.249564058260273e-07,0.9993864061807269
1112,0.20697817731969392,-8.23936330468511e-07,0.9993864794614441
1113,0.2069773543074265,-8.230122674202089e-07,0.9993865527042416
1114,0.20697653231052482,-8.219969016842743e-07,0.9993866259091261
1115,0.20697571129579945,-8.210147253717714e-07,0.9993866990761046
1116,0.20697489126094734,-8.200348521059109e-07,0.999386772205184
1117,0.20697407220389458,-8.190570527644159e-07,0.9993868452963717
1118,0.2069732541227199,-8.18081174663865e-07,0.999386918349675
1119,0.20697243701571671,-8.171070031981476e-07,0.9993869913651013
1120,0.20697162087979037,-8.161359263403334e-07,0.9993870643426584
1121,0.20697080571428217,-8.151655082055953e-07,0.9993871372823538
1122,0.2069699914929486,-8.142213335782245e-07,0.9993872101841955
1123,0.20696917828295555,-8.132099930391323e-07,0.9993872830481915
1124,0.20696836601359214,-8.122693634093903e-07,0.9993873558743498
1125,0.2069675547143457,-8.112992464504032e-07,0.9993874286626788
1126,0.20696674432001194,-8.103943337500752e-07,0.9993875014131867
1127,0.20696593496668278,-8.093533291619881e-07,0.9993875741258821
1128,0.20696512653115304,-8.084355297421908e-07,0.9993876468007736
1129,0.20696431904882429,-8.074823287518296e-07,0.99938771943787
1130,0.20696351251789136,-8.065309329285952e-07,0.99938779203718
1131,0.20696270693643318,-8.055814581797716e-07,0.9993878645987126
1132,0.20696190230208714,-8.046343460410554e-07,0.9993879371224772
1133,0.20696109861364756,-8.036884395767885e-07,0.9993880096084827
1134,0.20696029586812212,-8.027455254411286e-07,0.9993880820567387
1135,0.2069594940643838,-8.018037383206167e-07,0.9993881544672544
1136,0.2069586931887153,-8.008756685051743e-07,0.9993882268400395
1137,0.2069578932729911,-7.99915724186695e-07,0.9993882991751036
1138,0.20695709428158737,-7.989914037331847e-07,0.9993883714724566
1139,0.20695629622367423,-7.980579131428023e-07,0.9993884437321086
1140,0.20695549909744065,-7.971262335759732e-07,0.9993885159540693
1141,0.20695470290079881,-7.961966418390531e-07,0.9993885881383491
1142,0.2069539076320602,-7.952687386125756e-07,0.9993886602849581
1143,0.2069531132891417,-7.943429184975592e-07,0.9993887323939067
1144,0.20695231987001123,-7.934191304792559e-07,0.9993888044652054
1145,0.20695152737300077,-7.924970104600249e-07,0.9993888764988649
1146,0.20695073579603596,-7.915769648092486e-07,0.9993889484948957
1147,0.20694994513697507,-7.906590608897091e-07,0.9993890204533087
1148,0.20694915539407838,-7.897428966896491e-07,0.9993890923741149
1149,0.2069483665661485,-7.888279298651213e-07,0.9993891642573253
1150,0.20694757868750213,-7.878786463799692e-07,0.9993892361029508
1151,0.20694679164534477,-7.870421573630271e-07,0.9993893079110029
1152,0.20694600554867235,-7.86096672422687e-07,0.9993893796814928
1153,0.20694522035916293,-7.851895094113104e-07,0.999389451414432
1154,0.20694443608531454,-7.842738483920808e-07,0.999389523109832
1155,0.20694365269286827,-7.833924462741226e-07,0.9993895947677044
1156,0.20694287023257651,-7.824602917538837e-07,0.9993896663880611
1157,0.20694208863142433,-7.816011521888377e-07,0.9993897379709138
1158,0.20694130794816545,-7.806832588719281e-07,0.9993898095162744
1159,0.20694052816008207,-7.797880833826376e-07,0.9993898810241552
1160,0.2069397492665244,-7.788935576791278e-07,0.9993899524945681
1161,0.20693897126503338,-7.780014910085953e-07,0.9993900239275253
1162,0.2069381941531035,-7.771119298893847e-07,0.9993900953230394
1163,0.20693741792072484,-7.762323786519865e-07,0.9993901666811226
1164,0.20693664259396188,-7.753267629584393e-07,0.9993902380017874
1165,0.2069358681418874,-7.744520744701333e-07,0.9993903092850466
1166,0.20693509457303236,-7.735688550558617e-07,0.9993903805309128
1167,0.20693432188561686,-7.72687415495632e-07,0.9993904517393989
1168,0.20693355007714082,-7.718084760466315e-07,0.9993905229105176
1169,0.2069327791467396,-7.70930401211567e-07,0.9993905940442821
1170,0.20693200909185977,-7.700548798339479e-07,0.9993906651407054
1171,0.20693123990377082,-7.691880889448832e-07,0.9993907361998006
1172,0.20693047160259156,-7.683011792603001e-07,0.999390807221581
1173,0.20692970416452594,-7.674380656241819e-07,0.9993908782060601
1174,0.2069289375955579,-7.665689680524945e-07,0.9993909491532512
1175,0.20692817189287904,-7.657026788454591e-07,0.9993910200631678
1176,0.20692740706277357,-7.648301054707929e-07,0.9993910909358237
1177,0.20692664308264416,-7.639801294090365e-07,0.9993911617712322
1178,0.20692587997047754,-7.631121666240581e-07,0.9993912325694075
1179,0.20692511771899277,-7.62251484764942e-07,0.9993913033303633
1180,0.2069243563253654,-7.613936273687116e-07,0.9993913740541136
1181,0.20692359578846692,-7.605368984864302e-07,0.9993914447406723
1182,0.20692283608974393,-7.596987229852026e-07,0.9993915153900538
1183,0.20692207727729486,-7.588124490698345e-07,0.999391586002272
1184,0.2069213192998336,-7.579774612687107e-07,0.9993916565773413
1185,0.20692056217173943,-7.571280941642833e-07,0.9993917271152761
1186,0.20691980589168835,-7.562800510840795e-07,0.9993917976160909
1187,0.20691905045839137,-7.554332969728073e-07,0.9993918680798001
1188,0.2069182958692397,-7.545891516635983e-07,0.9993919385064184
1189,0.2069175421295193,-7.537397204160357e-07,0.9993920088959604
1190,0.2069167892183472,-7.529111721027437e-07,0.999392079248441
1191,0.20691603716249396,-7.520558532314592e-07,0.9993921495638748
1192,0.20691528592595032,-7.512365436390667e-07,0.999392219842277
1193,0.2069145355345654,-7.503913849182808e-07,0.9993922900836625
1194,0.20691378597792157,-7.495566438364687e-07,0.9993923602880462
1195,0.20691303725398072,-7.48723940846574e-07,0.9993924304554435
1196,0.2069122893618188,-7.478921619230583e-07,0.9993925005858695
1197,0.20691154229860415,-7.470632146511225e-07,0.9993925706793394
1198,0.2069107960642158,-7.462343883379852e-07,0.9993926407358688
1199,0.2069100506554438,-7.45408772012679e-07,0.9993927107554729
1200,0.20690930607156152,-7.445838822728312e-07,0.9993927807381673
1201,0.20690856231066662,-7.437608949001362e-07,0.9993928506839677
1202,0.20690781937129096,-7.429393756586133e-07,0.9993929205928896
1203,0.20690707725172872,-7.421195622470123e-07,0.9993929904649489
1204,0.2069063359501629,-7.413015658264133e-07,0.9993930603001612
1205,0.20690559546540074,-7.404847621461652e-07,0.9993931300985424
1206,0.20690485579538553,-7.396700152095814e-07,0.9993931998601085
1207,0.2069041169389746,-7.388564109422902e-07,0.9993932695848756
1208,0.20690337889439658,-7.380445780080791e-07,0.9993933392728596
1209,0.206902641659673,-7.372347235745647e-07,0.9993934089240767
1210,0.20690190523373603,-7.364259369813109e-07,0.9993934785385431
1211,0.20690116961484173,-7.356188942986286e-07,0.9993935481162751
1212,0.20690043480137066,-7.348134710705168e-07,0.9993936176572891
1213,0.20689970079172873,-7.340096419283793e-07,0.9993936871616013
1214,0.20689896758400858,-7.332077201493981e-07,0.9993937566292282
1215,0.20689823517736589,-7.324066426950271e-07,0.9993938260601867
1216,0.20689750357002146,-7.316073444285642e-07,0.9993938954544929
1217,0.20689677276008497,-7.308099364833343e-07,0.9993939648121637
1218,0.20689604274596463,-7.300141203481214e-07,0.9993940341332159
1219,0.20689531352656523,-7.292193993924112e-07,0.9993941034176661
1220,0.20689458509991837,-7.284266468621237e-07,0.9993941726655312
1221,0.2068938574648445,-7.276350738605331e-07,0.9993942418768282
1222,0.20689313061971396,-7.268451305553203e-07,0.9993943110515741
1223,0.20689240456276056,-7.260569533928951e-07,0.9993943801897857
1224,0.20689167929272667,-7.252700338911122e-07,0.9993944492914802
1225,0.20689095480784866,-7.244848780063595e-07,0.9993945183566748
1226,0.2068902311066055,-7.237012431549061e-07,0.9993945873853867
1227,0.20688950818796162,-7.229186438917345e-07,0.9993946563776331
1228,0.2068887860498991,-7.221380625144214e-07,0.9993947253334313
1229,0.2068880646909265,-7.213589726107195e-07,0.9993947942527989
1230,0.2068873441112199,-7.205797065978903e-07,0.999394863135753
1231,0.20688662430510146,-7.198061184321425e-07,0.9993949319823113
1232,0.20688590527477693,-7.190303245308005e-07,0.9993950007924913
1233,0.2068851870285564,-7.182462205268525e-07,0.9993950695663106
1234,0.20688446953248463,-7.174960717781786e-07,0.9993951383037869
1235,0.20688375281764831,-7.167148363129705e-07,0.9993952070049379
1236,0.20688303688674503,-7.159309032833683e-07,0.9993952756697814
1237,0.20688232169294687,-7.151937981564327e-07,0.9993953442983351
1238,0.2068816072798908,-7.144130560743367e-07,0.9993954128906168
1239,0.20688089363143253,-7.136484582725977e-07,0.9993954814466448
1240,0.20688018074578626,-7.128856462645938e-07,0.9993955499664366
1241,0.20687946862169734,-7.121240889196301e-07,0.9993956184500107
1242,0.2068787572573248,-7.113643725464858e-07,0.9993956868973849
1243,0.20687804665149312,-7.106058316774799e-07,0.9993957553085773
1244,0.20687733679654474,-7.098549483774974e-07,0.9993958236836061
1245,0.2068766277106401,-7.090859046321452e-07,0.9993958920224898
1246,0.20687591938582583,-7.083248142747411e-07,0.9993959603252464
1247,0.2068752117863122,-7.075995136218705e-07,0.9993960285918942
1248,0.20687450495209073,-7.068342214866519e-07,0.9993960968224518
1249,0.206873798888076,-7.060640147271702e-07,0.9993961650169375
1250,0.20687309353167518,-7.053564008152602e-07,0.9993962331753699
1251,0.20687238894279897,-7.045888762158281e-07,0.9993963012977672
1252,0.206871685099555,-7.038432439654407e-07,0.9993963693841483
1253,0.20687098200103557,-7.030985194333983e-07,0.9993964374345318
1254,0.20687027964479435,-7.023562412222795e-07,0.9993965054489362
1255,0.20686957803035358,-7.016144407678837e-07,0.9993965734273803
1256,0.20686887715607336,-7.008742802239176e-07,0.9993966413698828
1257,0.20686817699832705,-7.00157746308383e-07,0.9993967092764625
1258,0.2068674776218719,-6.993764551377346e-07,0.9993967771471384
1259,0.20686677895920816,-6.986626637506266e-07,0.9993968449819292
1260,0.2068660810310386,-6.979281695629336e-07,0.9993969127808539
1261,0.20686538383632253,-6.971947160705483e-07,0.9993969805439314
1262,0.20686468737329597,-6.964630265560157e-07,0.9993970482711809
1263,0.2068639916404234,-6.957328725631928e-07,0.9993971159626214
1264,0.2068632966366311,-6.950037922948127e-07,0.9993971836182719
1265,0.20686260232660403,-6.943100270828673e-07,0.9993972512381516
1266,0.20686190881063013,-6.935159738985508e-07,0.9993973188222797
1267,0.20686121598562487,-6.928250052551377e-07,0.9993973863706754
1268,0.20686052388432563,-6.921012992433528e-07,0.9993974538833581
1269,0.2068598325414217,-6.913429039245855e-07,0.999397521360347
1270,0.2068591418470241,-6.906943976203728e-07,0.9993975888016614
1271,0.20685845190089236,-6.89946131726682e-07,0.9993976562073208
1272,0.20685776268791858,-6.892129737756658e-07,0.9993977235773446
1273,0.20685707418925092,-6.88498667661408e-07,0.9993977909117522
1274,0.2068563863959562,-6.877932947346732e-07,0.9993978582105632
1275,0.2068556993220475,-6.870739086839439e-07,0.9993979254737971
1276,0.20685501296069483,-6.86361352669751e-07,0.9993979927014734
1277,0.20685432731154368,-6.856491511497698e-07,0.999398059893612
1278,0.20685364237199225,-6.849395514374468e-07,0.9993981270502322
1279,0.2068529581413249,-6.842306673471299e-07,0.9993981941713539
1280,0.2068522746184368,-6.83522888095256e-07,0.9993982612569968
1281,0.20685159180188886,-6.828165479422221e-07,0.9993983283071807
1282,0.20685090970539222,-6.820964966458565e-07,0.9993983953219253
1283,0.20685022828251298,-6.81422879234006e-07,0.9993984623012505
1284,0.20684954757706162,-6.80705451366892e-07,0.9993985292451762
1285,0.206848867570258,-6.800068036161289e-07,0.9993985961537223
1286,0.20684818829227103,-6.792779869702059e-07,0.9993986630269087
1287,0.20684750966193022,-6.786303408112815e-07,0.9993987298647555
1288,0.20684683175306864,-6.779088615738171e-07,0.9993987966672826
1289,0.20684615453992744,-6.772131412036142e-07,0.99939886343451
1290,0.20684547800977204,-6.76530155396815e-07,0.9993989301664579
1291,0.2068448021967599,-6.758130121353734e-07,0.9993989968631463
1292,0.20684412706389954,-6.751328603671336e-07,0.9993990635245954
1293,0.2068434526220095,-6.744418900306304e-07,0.9993991301508254
1294,0.20684277886960536,-6.737524041455778e-07,0.9993991967418564
1295,0.20684210580573476,-6.730638706098357e-07,0.9993992632977088
1296,0.20684143339118266,-6.724145520942137e-07,0.9993993298184027
1297,0.20684076173755503,-6.716536276318852e-07,0.9993993963039586
1298,0.20684009073895648,-6.709985985453581e-07,0.9993994627543966
1299,0.2068394204076345,-6.703313219780238e-07,0.9993995291697373
1300,0.20683875075689218,-6.696507423298304e-07,0.9993995955500009
1301,0.2068380818062317,-6.689506604762308e-07,0.9993996618952079
1302,0.20683741352522936,-6.682810023417307e-07,0.9993997282053788
1303,0.2068367459227563,-6.676024730534191e-07,0.999399794480534
1304,0.20683607899758116,-6.669251751412197e-07,0.999399860720694
1305,0.20683541274573292,-6.662518482469793e-07,0.9993999269258793
1306,0.20683474717340092,-6.655723319981544e-07,0.9993999930961106
1307,0.20683408227226643,-6.649011344839195e-07,0.9994000592314085
1308,0.206833418043148,-6.642291184300042e-07,0.9994001253317935
1309,0.20683275448501703,-6.635581309699656e-07,0.9994001913972863
1310,0.20683209159693852,-6.628880785120028e-07,0.9994002574279075
1311,0.20683142937713736,-6.622198011618785e-07,0.9994003234236779
1312,0.2068307678248053,-6.615523320541161e-07,0.9994003893846183
1313,0.20683010693887224,-6.608859330625716e-07,0.9994004553107492
1314,0.20682944673099857,-6.602078736761552e-07,0.9994005212020917
1315,0.20682878716066766,-6.595703309075773e-07,0.9994005870586663
1316,0.2068281282656355,-6.588950321462228e-07,0.999400652880494
1317,0.20682747003242297,-6.582332125470991e-07,0.9994007186675956
1318,0.20682681245909024,-6.57573332729644e-07,0.999400784419992
1319,0.206826155509356,-6.569497342234776e-07,0.9994008501377042
1320,0.2068254992890895,-6.562202665150174e-07,0.999400915820753
1321,0.2068248436895746,-6.555995148982419e-07,0.9994009814691593
1322,0.2068241887454723,-6.549441023129265e-07,0.9994010470829443
1323,0.20682353447490964,-6.542705626444434e-07,0.9994011126621288
1324,0.20682288081900518,-6.536559044589829e-07,0.9994011782067339
1325,0.20682222783442883,-6.529845763547648e-07,0.9994012437167806
1326,0.20682157550052455,-6.523339042829868e-07,0.9994013091922901
1327,0.20682092381652234,-6.516840022063874e-07,0.9994013746332834
1328,0.20682027282302995,-6.509934923903948e-07,0.9994014400397815
1329,0.20681962239289975,-6.504301302001636e-07,0.9994015054118057
1330,0.2068189726794829,-6.497134168448326e-07,0.9994015707493771
1331,0.20681832355336144,-6.491261214658373e-07,0.9994016360525169
1332,0.206817675106156,-6.48447205431335e-07,0.9994017013212463
1333,0.2068170272822869,-6.478238691043359e-07,0.9994017665555864
1334,0.20681638012120365,-6.471610832503583e-07,0.9994018317555586
1335,0.20681573359321695,-6.465279867029494e-07,0.9994018969211841
1336,0.20681508770427046,-6.458889464933115e-07,0.9994019620524842
1337,0.20681444245368721,-6.452505832421629e-07,0.9994020271494801
1338,0.20681379783994372,-6.446137434945598e-07,0.9994020922121933
1339,0.20681315386238472,-6.439775590005858e-07,0.999402157240645
1340,0.2068125105431804,-6.433192043242553e-07,0.9994022222348565
1341,0.20681186781033395,-6.427328464453375e-07,0.9994022871948495
1342,0.2068112257339278,-6.420764061543238e-07,0.999402352120645
1343,0.20681058428903837,-6.414448894265234e-07,0.9994024170122645
1344,0.20680994347449483,-6.408145435399248e-07,0.9994024818697297
1345,0.20680930328888453,-6.401856103011028e-07,0.9994025466930617
1346,0.20680866373202283,-6.395568616923697e-07,0.9994026114822823
1347,0.20680802480174612,-6.389302767140226e-07,0.9994026762374127
1348,0.2068073864978455,-6.383039006241376e-07,0.9994027409584746
1349,0.2068067488186932,-6.376791522877401e-07,0.9994028056454893
1350,0.20680611176309277,-6.370556004386962e-07,0.9994028702984786
1351,0.20680547532920412,-6.364338886455378e-07,0.999402934917464
1352,0.2068048395474843,-6.357817198265892e-07,0.9994029995024669
1353,0.20680420432837976,-6.352191045388977e-07,0.999403064053509
1354,0.20680356975695285,-6.345714269051506e-07,0.9994031285706119
1355,0.2068029358040656,-6.339528872412181e-07,0.9994031930537971
1356,0.20680230246828912,-6.333357764898295e-07,0.9994032575030865
1357,0.20680166974887357,-6.327194155553162e-07,0.9994033219185015
1358,0.20680103764421567,-6.321046578938727e-07,0.9994033863000638
1359,0.20680040615418932,-6.314900263537648e-07,0.9994034506477951
2000,0.2064882003247528,-0.0003122058294365293,0.9994386856319772
2500,0.2063238171150865,-0.00016438320966630227,0.9994598283895787
3000,0.20619715506332015,-0.00012666205176634082,0.9994772176691372
3500,0.20609500378491244,-0.00010215127840770832,0.9994918751694516
4000,0.2060099362459058,-8.50675390066391e-05,0.9995044743545574
4500,0.20593739116202175,-7.254508388404579e-05,0.9995154763543462
6000,0.20576932297854927,-0.00016806818347248065,0.9995417590670758
7000,0.20568421192748854,-8.51110510607378e-05,0.9995554265652996
8000,0.20561307463896045,-7.11372885280892e-05,0.9995669998766739
9000,0.20555222305636558,-6.08515825948619e-05,0.9995769908336992
10000,0.20549923045704335,-5.2992599322232437e-05,0.9995857487095129
