Matrix size,Coefficient,R square
1,1.0,-inf
2,0.3008143618642685,0.999505749636873
3,0.2667118180618078,0.9747855459720908
4,0.2514843934063438,0.9702805955313611
5,0.24285716133732418,0.9718592795799524
6,0.2372921729089967,0.9749044388567835
7,0.23339514079224388,0.9780307627248078
8,0.23050677443331186,0.9808430483572163
9,0.22827516641120515,0.9832633328749192
10,0.2264954067324395,0.9853142239991982
11,0.22504007845984642,0.9870454855659854
12,0.22382576645465582,0.988509028288388
13,0.22279555389224048,0.9897510477205261
14,0.22190925597509897,0.9908103164338217
15,0.22113768132949913,0.9917185948827512
16,0.22045910268738378,0.9925016540809929
17,0.21985700645501022,0.993180358852646
18,0.21931861417203352,0.9937716285362777
19,0.2188338764593741,0.9942892326706644
20,0.21839477924376557,0.9947444299988104
21,0.2179948504156159,0.995146474462692
22,0.21762880411935762,0.9955030136492351
23,0.2172922793314981,0.9958204022687659
24,0.21698164468683173,0.9961039492296221
25,0.21669385103575015,0.9963581130332195
26,0.21642631856144076,0.9965866569632831
27,0.21617684892365432,0.9967927729355851
28,0.2159435569028834,0.9969791808387493
29,0.21572481595788082,0.99714820862881
30,0.21551921494340853,0.9973018572404462
31,0.2153255239313545,0.9974418534616951
32,0.21514266432781404,0.9975696932191094
33,0.21496968753436896,0.9976866771845436
34,0.21480575489043982,0.9977939402033016
35,0.21465012240172765,0.9978924757261534
36,0.21450212739121424,0.9979831561821405
37,0.21436117772814156,0.9980667500380762
38,0.21422674261292496,0.9981439361414101
39,0.21409834412718481,0.9982153158259742
40,0.2139755519943311,0.9982814231677363
41,0.2138579765066187,0.9983427337044742
42,0.21374526435464603,0.9983996718750309
43,0.21363709433493336,0.9984526173872169
44,0.21353317374506864,0.9985019106860344
45,0.21343323531204994,0.9985478576637299
46,0.2133370339989243,0.9985907337287668
47,0.21324434562627245,0.9986307873309572
48,0.21315496379430843,0.99866824302379
49,0.2130686985231001,0.998703304131725
50,0.2129853745985939,0.9987361550793086
51,0.2129048300789408,0.9987669634299691
52,0.21282691511883692,0.9987958816748945
53,0.21275149076124716,0.9988230488062066
54,0.2126784280291683,0.9988485917034882
55,0.21260760698408543,0.9988726263584068
56,0.21253891592748347,0.9988952589585661
57,0.2124722507409852,0.9989165868486736
58,0.21240751419643975,0.9989366993845518
59,0.21234461542169802,0.9989556786933551
60,0.21228346935351358,0.9989736003515111
61,0.212223996307915,0.9989905339903496
62,0.2121661214515973,0.9990065438380501
63,0.2121097746314629,0.9990216892053971
64,0.21205488980622203,0.9990360249218675
65,0.21200140484588564,0.9990496017277312
66,0.21194926123144367,0.9990624666271332
67,0.2118984037724043,0.9990746632065017
68,0.21184878038291352,0.9990862319220972
69,0.21180034185828717,0.9990972103600474
70,0.21175304159668296,0.9991076334718186
71,0.21170683573371496,0.9991175337877214
72,0.21166168255099738,0.9991269416107427
73,0.2116175424035587,0.9991358851927372
74,0.211574377846784,0.999144390894775
75,0.21153215333177242,0.9991524833332392
76,0.21149083501722277,0.9991601855130955
77,0.21145039076145059,0.999167518949591
78,0.2114107899981707,0.9991745037795103
79,0.2113720035992218,0.9991811588629912
80,0.21133400386481063,0.9991875018767973
81,0.2112967643280512,0.9991935493998496
82,0.21126025978603713,0.9991993169917384
83,0.21122446617943003,0.9992048192648579
84,0.21118936050113468,0.9992100699507468
85,0.21115492081566403,0.9992150819611527
86,0.2111211262159618,0.9992198674442933
87,0.21108795632523236,0.9992244378367346
88,0.21105539220870817,0.9992288039112714
89,0.21102341536425517,0.9992329758211512
90,0.21099200816910701,0.9992369631409583
91,0.21096115365823676,0.9992407749044376
92,0.21093083566843623,0.999244419639515
93,0.2109010386332817,0.9992479054007483
94,0.21087174757768795,0.9992512397994173
95,0.2108429481396793,0.9992544300314484
96,0.21081462667944284,0.999257482903345
97,0.21078676978408642,0.9992604048562848
98,0.21075936476033885,0.9992632019885289
99,0.2107323993470188,0.9992658800762745
100,0.210705861746731,0.9992684445930725
101,0.2106797405884993,0.9992709007279202
102,0.2106540249291329,0.9992732534021308
103,0.21062870421493823,0.9992755072850709
104,0.2106037682300529,0.9992776668088529
105,0.210579207344755,0.999279736182058
106,0.21055501187539494,0.9992817194025626
107,0.21053117279163883,0.9992836202695328
108,0.21050768128061195,0.9992854423946472
109,0.21048452881847646,0.999287189212606
110,0.21046170718493648,0.9992888639909714
111,0.2104392084292761,0.9992904698393943
112,0.21041702486559796,0.9992920097182638
113,0.21039514906761242,0.9992934864468229
114,0.21037357384767955,0.9992949027107868
115,0.21035229225270766,0.9992962610694976
116,0.21033129754505223,0.9992975639626468
117,0.210310583221745,0.9992988137165945
118,0.2102901429431507,0.9993000125503135
119,0.21026997062374006,0.999301162580982
120,0.21025006032622276,0.9993022658292479
121,0.21023040630871043,0.9993033242241871
122,0.2102110030022542,0.9993043396079764
123,0.21019184500907456,0.9993053137402955
124,0.2101729270864921,0.9993062483024817
125,0.21015424415422757,0.9993071449014467
126,0.21013579127690218,0.9993080050733745
127,0.21011756366639822,0.9993088302872132
128,0.2100995566691027,0.9993096219479729
129,0.21008176577171325,0.9993103813998419
130,0.21006418658087062,0.9993111099291326
131,0.21004681483485987,0.9993118087670679
132,0.21002964638680324,0.9993124790924164
133,0.2100126772090143,0.9993131220339866
134,0.20999590337687712,0.9993137386729886
135,0.20997932097501504,0.9993143300452701
136,0.20996292662350557,0.9993148971434359
137,0.20994671638536566,0.999315440918855
138,0.20993068685671365,0.9993159622835651
139,0.20991483461930782,0.9993164621120775
140,0.2098991563478068,0.99931694124309
141,0.20988364879870378,0.9993174004811131
142,0.20986830881498741,0.9993178405980115
143,0.20985313332301134,0.9993182623344714
144,0.20983811932497545,0.9993186664013906
145,0.20982326389942013,0.9993190534812023
146,0.20980856419858382,0.9993194242291318
147,0.20979401745144066,0.9993197792743916
148,0.20977962094188626,0.9993201192213186
149,0.2097653720417043,0.999320444650455
150,0.2097512681028586,0.9993207561195778
151,0.2097373068091093,0.9993210541646785
152,0.20972348554172415,0.9993213393008952
153,0.20970980189160382,0.9993216120234016
154,0.20969625360373553,0.999321872808253
155,0.20968283837279272,0.9993221221131927
156,0.2096695539660542,0.9993223603784209
157,0.2096563982174133,0.9993225880273271
158,0.20964336899709335,0.9993228054671899
159,0.20963046422885956,0.9993230130898428
160,0.20961768183113283,0.999323211272311
161,0.20960501999276765,0.9993234003774185
162,0.20959247660607025,0.9993235807543671
163,0.2095800498371549,0.9993237527392905
164,0.2095677378287636,0.999323916655783
165,0.20955553877755373,0.9993240728154036
166,0.2095434509104214,0.9993242215181591
167,0.20953147240929615,0.9993243630529656
168,0.20951960184320637,0.9993244976980883
169,0.2095078372922917,0.9993246257215639
170,0.20949617722670325,0.9993247473816035
171,0.20948462014771507,0.9993248629269781
172,0.2094731642994806,0.9993249725973876
173,0.20946180822223287,0.9993250766238141
174,0.2094505505542902,0.9993251752288596
175,0.20943938980756305,0.9993252686270698
176,0.20942832442471948,0.999325357025244
177,0.2094173531405964,0.999325440622732
178,0.20940647454371217,0.9993255196117178
179,0.20939568729126884,0.9993255941774927
180,0.2093849900677858,0.9993256644987164
181,0.20937438159160862,0.9993257307476666
182,0.20936386059541276,0.9993257930904796
183,0.20935342584829972,0.9993258516873802
184,0.20934307613503272,0.9993259066929018
185,0.20933281026675854,0.9993259582560987
186,0.2093226270851543,0.9993260065207493
187,0.20931252544042486,0.9993260516255501
188,0.20930250421769211,0.9993260937043034
189,0.2092925623166221,0.9993261328860967
190,0.20928269866090896,0.999326169295475
191,0.20927291219279312,0.9993262030526062
192,0.20926320187694195,0.9993262342734401
193,0.20925356669378783,0.9993262630698614
194,0.20924400567200052,0.9993262895498358
195,0.20923451775805674,0.9993263138175513
196,0.2092251020634916,0.9993263359735539
197,0.20921575762122033,0.9993263561148771
198,0.2092064835031439,0.9993263743351677
199,0.209197278802181,0.9993263907248059
200,0.20918814262297605,0.999326405371021
201,0.20917907409007425,0.9993264183580028
202,0.2091700723410054,0.9993264297670086
203,0.20916113653245488,0.9993264396764658
204,0.20915226583292765,0.999326448162072
205,0.2091434594248842,0.9993264552968893
206,0.20913471650940482,0.9993264611514369
207,0.2091260362969987,0.9993264657937788
208,0.20911741801352035,0.9993264692896092
209,0.20910886089974642,0.9993264717023347
210,0.2091003642073603,0.9993264730931524
211,0.20909192723449643,0.9993264735211266
212,0.2090835491646984,0.9993264730432616
213,0.20907522938415277,0.9993264717145723
214,0.20906696715957931,0.9993264695881522
215,0.20905876180756292,0.9993264667152383
216,0.20905061265466687,0.9993264631452752
217,0.2090425190363849,0.9993264589259748
218,0.20903448029956653,0.999326454103376
219,0.20902649580452218,0.9993264487218999
220,0.20901856492020585,0.9993264428244054
221,0.20901068702555117,0.9993264364522415
222,0.20900286150948483,0.9993264296452974
223,0.20899508777424589,0.9993264224420517
224,0.20898736527185413,0.9993264148796202
225,0.2089796932831148,0.9993264069937999
226,0.20897207137507842,0.9993263988191146
227,0.2089644989388688,0.9993263903888557
228,0.2089569754203476,0.9993263817351241
229,0.20894950027212447,0.9993263728888694
230,0.20894207290005107,0.9993263638799276
231,0.20893469295514966,0.9993263547370582
232,0.20892735973617982,0.9993263454879796
233,0.2089200727921126,0.9993263361594035
234,0.20891283161743335,0.9993263267770676
235,0.2089056357169271,0.9993263173657679
236,0.20889848460049318,0.9993263079493897
237,0.20889137778758213,0.9993262985509369
238,0.20888431475655844,0.9993262891925611
239,0.20887729518003087,0.9993262798955895
240,0.20887031845945409,0.9993262706805516
241,0.2088633841728753,0.9993262615672053
242,0.20885649191697975,0.999326252574562
243,0.20884964124186445,0.9993262437209107
244,0.2088428316291031,0.9993262350238417
245,0.2088360627260688,0.999326226500269
246,0.20882933415475494,0.9993262181664527
247,0.2088226454233639,0.9993262100380194
248,0.20881599615271265,0.9993262021299834
249,0.20880938593580006,0.9993261944567662
250,0.2088028143778303,0.9993261870322158
251,0.20879628105256443,0.9993261798696248
252,0.2087897856757481,0.999326172981749
253,0.2087833277668015,0.9993261663808243
254,0.20877690698396698,0.9993261600785834
255,0.20877052295809193,0.9993261540862725
256,0.20876417532525854,0.999326148414666
257,0.2087578637235568,0.9993261430740833
258,0.2087515878036313,0.9993261380744016
259,0.2087453472132549,0.9993261334250717
260,0.20873914160710846,0.9993261291351309
261,0.20873297064751614,0.9993261252132163
262,0.20872683399617498,0.9993261216675782
263,0.20872073132676572,0.9993261185060923
264,0.2087146623106531,0.9993261157362718
265,0.20870862662522782,0.9993261133652788
266,0.20870262395621428,0.999326111399936
267,0.20869665398861736,0.9993261098467376
268,0.20869071641398132,0.9993261087118601
269,0.2086848109267118,0.9993261080011717
270,0.20867893722735403,0.9993261077202434
271,0.20867309501857623,0.999326107874358
272,0.20866728401903312,0.9993261084685194
273,0.2086615038645383,0.9993261095074619
274,0.20865575448327944,0.9993261109956587
275,0.20865003529145298,0.9993261129373306
276,0.20864434622098474,0.9993261153364543
277,0.2086386869392368,0.9993261181967699
278,0.20863305717681757,0.999326121521789
279,0.20862745666767973,0.999326125314802
280,0.2086218851456269,0.9993261295788857
281,0.2086163423038051,0.9993261343169093
282,0.20861082803044276,0.9993261395315428
283,0.20860534192451446,0.999326145225262
284,0.20859988378472177,0.9993261514003557
285,0.2085944533537749,0.9993261580589321
286,0.20858905041733583,0.9993261652029239
287,0.20858367470281639,0.999326172834095
288,0.20857832598326803,0.9993261809540455
289,0.2085730040218755,0.9993261895642176
290,0.20856770858725523,0.9993261986659007
291,0.20856243944876532,0.9993262082602363
292,0.20855719637956938,0.9993262183482234
293,0.208551979155305,0.9993262289307231
294,0.20854678755540212,0.9993262400084632
295,0.2085416213616779,0.9993262515820427
296,0.2085364803556602,0.9993262636519362
297,0.20853136434231567,0.9993262762184987
298,0.20852627306129173,0.9993262892819688
299,0.20852120634109883,0.999326302842473
300,0.2085161639929862,0.9993263169000304
301,0.20851114578084232,0.999326331454555
302,0.2085061515142495,0.9993263465058605
303,0.20850118099407577,0.9993263620536635
304,0.20849623402470316,0.9993263780975866
305,0.20849131041239916,0.9993263946371623
306,0.2084864099634623,0.9993264116718357
307,0.20848153248991005,0.9993264292009678
308,0.20847667780382456,0.9993264472238386
309,0.20847184571982044,0.9993264657396499
310,0.20846703605352992,0.9993264847475286
311,0.20846224862766294,0.9993265042465286
312,0.20845748325829716,0.9993265242356342
313,0.2084527397723707,0.9993265447137624
314,0.20844801799386953,0.9993265656797655
315,0.20844331774767583,0.9993265871324337
316,0.20843863886611813,0.9993266090704969
317,0.20843398111015154,0.9993266314926276
318,0.20842934451613587,0.999326654397443
319,0.20842472871657958,0.9993266777835066
320,0.20842013358631262,0.9993267016493315
321,0.2084155590496757,0.9993267259933808
322,0.20841100486035102,0.9993267508140712
323,0.20840647088921638,0.9993267761097737
324,0.2084019569806973,0.9993268018788161
325,0.20839746298002912,0.9993268281194844
326,0.20839298873207743,0.9993268548300248
327,0.20838853412755542,0.9993268820086455
328,0.20838409889645007,0.9993269096535179
329,0.20837968301019674,0.9993269377627786
330,0.20837528628233198,0.9993269663345306
331,0.20837090856813967,0.9993269953668451
332,0.20836654972575533,0.9993270248577628
333,0.20836220961090696,0.9993270548052953
334,0.20835788808423297,0.9993270852074263
335,0.2083535850062681,0.9993271160621132
336,0.20834930024201595,0.9993271473672883
337,0.20834503365183502,0.99932717912086
338,0.20834078510554205,0.9993272113207138
339,0.20833655446679658,0.9993272439647137
340,0.20833234160382624,0.9993272770507035
341,0.20832814638885588,0.9993273105765073
342,0.20832396869103822,0.9993273445399311
343,0.20831980838277045,0.9993273789387639
344,0.20831566533865561,0.9993274137707779
345,0.20831153943338038,0.9993274490337305
346,0.20830743060824608,0.9993274847253644
347,0.20830333854391597,0.9993275208434089
348,0.20829926331767512,0.9993275573855808
349,0.20829520474035285,0.999327594349585
350,0.20829116269731632,0.9993276317331157
351,0.20828713706879992,0.9993276695338567
352,0.20828312773882351,0.9993277077494827
353,0.20827913459199923,0.9993277463776595
354,0.20827515751439538,0.9993277854160453
355,0.20827119639307512,0.9993278248622909
356,0.2082672511160033,0.9993278647140407
357,0.2082633215973989,0.999327904968933
358,0.2082594076527684,0.9993279456246013
359,0.2082555092509991,0.9993279866786738
360,0.20825162625445856,0.9993280281287755
361,0.2082477585623493,0.9993280699725274
362,0.20824390606535295,0.9993281122075477
363,0.20824006866077355,0.9993281548314523
364,0.20823624624506187,0.9993281978418553
365,0.20823243873865394,0.9993282412363693
366,0.20822864597149396,0.9993282850126062
367,0.208224867911886,0.9993283291681775
368,0.2082211044383346,0.9993283737006946
369,0.20821735546649367,0.9993284186077698
370,0.20821362085465775,0.9993284638870158
371,0.20820990055045244,0.9993285095360472
372,0.2082061944372019,0.99932855555248
373,0.20820250243999672,0.9993286019339322
374,0.2081988244442489,0.9993286486780248
375,0.20819516036480756,0.9993286957823811
376,0.20819151010865372,0.9993287432446281
377,0.2081878735862438,0.9993287910623958
378,0.2081842507052522,0.9993288392333183
379,0.20818064137673548,0.999328887755034
380,0.20817704551258792,0.9993289366251856
381,0.20817346302424158,0.9993289858414205
382,0.20816989382314477,0.9993290354013911
383,0.2081663378297383,0.9993290853027552
384,0.20816279495178316,0.9993291355431762
385,0.2081592651057319,0.999329186120323
386,0.20815574820931093,0.9993292370318706
387,0.2081522441781374,0.9993292882755006
388,0.2081487529304912,0.9993293398489007
389,0.20814527438503538,0.9993293917497654
390,0.20814180846037292,0.9993294439757962
391,0.20813835507584447,0.9993294965247014
392,0.20813491415329743,0.9993295493941967
393,0.20813148561245318,0.9993296025820055
394,0.20812806937716485,0.9993296560858584
395,0.2081246653689957,0.9993297099034943
396,0.20812127351154353,0.9993297640326595
397,0.20811789372882736,0.9993298184711088
398,0.20811452594465876,0.9993298732166049
399,0.20811117008713398,0.9993299282669195
400,0.2081078260790348,0.9993299836198319
401,0.20810449384849053,0.999330039273131
402,0.20810117332422118,0.9993300952246138
403,0.20809786443219971,0.9993301514720865
404,0.2080945671012205,0.9993302080133641
405,0.20809128126165213,0.999330264846271
406,0.20808800684278778,0.9993303219686404
407,0.20808474377422814,0.9993303793783151
408,0.20808149201141313,0.9993304370731474
409,0.20807825141667,0.9993304950509986
410,0.2080750219907924,0.9993305533097399
411,0.20807180364363934,0.999330611847252
412,0.2080685963091864,0.9993306706614256
413,0.20806539992031386,0.9993307297501606
414,0.20806221435977612,0.9993307891113672
415,0.20805903970351447,0.9993308487429654
416,0.208055875779769,0.9993309086428852
417,0.20805272252697898,0.9993309688090664
418,0.208049579899193,0.9993310292394589
419,0.20804644783235798,0.9993310899320229
420,0.20804332626465255,0.9993311508847286
421,0.20804021516413707,0.9993312120955564
422,0.20803711438195885,0.999331273562497
423,0.2080340239439603,0.9993313352835511
424,0.2080309437491471,0.9993313972567301
425,0.2080278737764949,0.9993314594800553
426,0.20802481392660896,0.9993315219515586
427,0.20802176415613066,0.9993315846692821
428,0.20801872440483482,0.9993316476312785
429,0.20801569459119496,0.9993317108356105
430,0.20801267473107762,0.9993317742803517
431,0.20800966469496077,0.9993318379635857
432,0.2080066644497799,0.9993319018834068
433,0.20800367394144798,0.9993319660379196
434,0.2080006931129154,0.9993320304252393
435,0.2079977219100369,0.9993320950434914
436,0.20799476027752686,0.9993321598908117
437,0.20799180816176574,0.9993322249653469
438,0.2079888655534331,0.9993322902652537
439,0.20798593226655568,0.9993323557886995
440,0.2079830083816077,0.9993324215338621
441,0.20798009380032229,0.9993324874989297
442,0.20797718847170504,0.9993325536821007
443,0.2079742923451504,0.9993326200815844
444,0.20797140536807052,0.9993326866956002
445,0.20796852749112027,0.9993327535223776
446,0.2079656586618462,0.999332820560157
447,0.2079627988316255,0.999332887807189
448,0.20795994795157483,0.9993329552617343
449,0.20795710597146685,0.999333022922064
450,0.2079542728426408,0.9993330907864598
451,0.20795144847707625,0.9993331588532132
452,0.20794863294551544,0.9993332271206262
453,0.2079458260819096,0.9993332955870111
454,0.20794302787842733,0.9993333642506903
455,0.20794023828810668,0.9993334331099962
456,0.20793745726420157,0.9993335021632718
457,0.20793468476095356,0.9993335714088696
458,0.2079319207274073,0.9993336408451527
459,0.20792916513233012,0.9993337104704942
460,0.20792641791615554,0.9993337802832769
461,0.20792367903936457,0.9993338502818939
462,0.20792094845673648,0.9993339204647482
463,0.20791822612426675,0.9993339908302528
464,0.20791551199833214,0.9993340613768301
465,0.207912806036513,0.9993341321029132
466,0.20791010821532574,0.9993342030069444
467,0.20790741842900262,0.9993342740873761
468,0.20790473669934104,0.9993343453426702
469,0.20790206295000047,0.9993344167712985
470,0.20789939717351757,0.9993344883717424
471,0.20789673929629715,0.9993345601424932
472,0.20789408928566502,0.9993346320820514
473,0.20789144710227297,0.9993347041889272
474,0.20788881270570067,0.9993347764616406
475,0.20788618605512507,0.9993348488987207
476,0.20788356710922445,0.9993349214987063
477,0.20788095583099295,0.9993349942601455
478,0.20787835217878298,0.9993350671815957
479,0.20787575611371384,0.9993351402616238
480,0.20787316759764715,0.999335213498806
481,0.20787058659227517,0.9993352868917275
482,0.20786801305819094,0.9993353604389826
483,0.20786544695848194,0.9993354341391754
484,0.20786288825345758,0.9993355079909184
485,0.20786033690767997,0.9993355819928336
486,0.2078577928831703,0.9993356561435518
487,0.20785525614186295,0.9993357304417129
488,0.20785272664994475,0.9993358048859656
489,0.20785020436884177,0.9993358794749678
490,0.20784768922452868,0.9993359542073857
491,0.20784518129507606,0.999336029081895
492,0.20784268043147486,0.9993361040971795
493,0.20784018663569118,0.9993361792519323
494,0.20783769987342995,0.9993362545448545
495,0.20783522009835242,0.9993363299746566
496,0.20783274725600853,0.999336405540057
497,0.2078302814357341,0.9993364812397829
498,0.20782782245834372,0.9993365570725702
499,0.20782537032603765,0.9993366330371628
500,0.2078229250527215,0.9993367091323134
501,0.20782048655731883,0.9993367853567829
502,0.2078180548233285,0.9993368617093406
503,0.2078156298151957,0.9993369381887636
504,0.20781321150291399,0.9993370147938379
505,0.20781079985331097,0.999337091523357
506,0.20780839483249675,0.9993371683761233
507,0.20780599641096661,0.9993372453509466
508,0.20780360455444938,0.999337322446645
509,0.20780121923258305,0.9993373996620446
510,0.20779884041393115,0.9993374769959793
511,0.2077964680665952,0.9993375544472911
512,0.20779410216081887,0.9993376320148297
513,0.20779174266444356,0.9993377096974527
514,0.20778938954692147,0.9993377874940256
515,0.2077870427793841,0.999337865403421
516,0.20778470233047003,0.99933794342452
517,0.2077823681706722,0.9993380215562107
518,0.2077800402689157,0.9993380997973891
519,0.2077777185979668,0.9993381781469586
520,0.20777540317926113,0.9993382566038301
521,0.20777309382626863,0.9993383351669223
522,0.2077707906681456,0.9993384138351605
523,0.20776849362349017,0.9993384926074781
524,0.2077662026633302,0.9993385714828156
525,0.20776391775952618,0.9993386504601206
526,0.20776163888399754,0.999338729538348
527,0.20775936602890321,0.9993388087164601
528,0.20775709910584772,0.999338887993426
529,0.20775483814663237,0.999338967368222
530,0.20775258310549133,0.9993390468398317
531,0.20775033395419,0.9993391264072453
532,0.2077480906650151,0.9993392060694603
533,0.2077458532125451,0.9993392858254809
534,0.20774362156828755,0.9993393656743182
535,0.2077413957073607,0.9993394456149904
536,0.20773917560187646,0.9993395256465222
537,0.20773696122712468,0.9993396057679449
538,0.2077347525556838,0.9993396859782969
539,0.20773254956252965,0.9993397662766231
540,0.20773035220671487,0.9993398466619751
541,0.20772816050694612,0.9993399271334108
542,0.20772597439327975,0.9993400076899949
543,0.20772379385621378,0.9993400883307985
544,0.2077216188700568,0.9993401690548991
545,0.20771944940918205,0.9993402498613808
546,0.20771728545060777,0.9993403307493339
547,0.20771512696380368,0.9993404117178551
548,0.2077129739381219,0.9993404927660474
549,0.2077108263074513,0.99934057389302
550,0.20770868413729643,0.9993406550978883
551,0.20770654731951368,0.9993407363797738
552,0.20770441585695726,0.9993408177378045
553,0.20770228972745447,0.999340899171114
554,0.2077001689060508,0.9993409806788423
555,0.20769805337049174,0.9993410622601351
556,0.2076959430977637,0.9993411439141443
557,0.20769383806294803,0.9993412256400277
558,0.20769173824538464,0.999341307436949
559,0.20768964362077633,0.9993413893040778
560,0.20768755416725126,0.9993414712405893
561,0.2076854698615386,0.9993415532456645
562,0.20768339068205946,0.9993416353184906
563,0.20768131660594394,0.9993417174582598
564,0.20767924761183018,0.9993417996641706
565,0.2076771836766726,0.9993418819354267
566,0.20767512478415262,0.9993419642712376
567,0.2076730708987491,0.999342046670818
568,0.20767102201283158,0.9993421291333889
569,0.20766897809798962,0.9993422116581759
570,0.2076669391370414,0.9993422942444107
571,0.2076649051061702,0.9993423768913299
572,0.2076628759849135,0.9993424595981758
573,0.2076608517522999,0.9993425423641958
574,0.20765883238712787,0.9993426251886429
575,0.20765681786926046,0.9993427080707753
576,0.2076548081784818,0.999342791009856
577,0.20765280329392966,0.9993428740051538
578,0.20765080319523035,0.9993429570559421
579,0.2076488078622155,0.9993430401615
580,0.20764681727497686,0.9993431233211112
581,0.20764483141395448,0.9993432065340646
582,0.2076428502584794,0.9993432897996544
583,0.20764087378938334,0.9993433731171792
584,0.2076389019875057,0.9993434564859432
585,0.20763693483329493,0.9993435399052553
586,0.2076349722801626,0.9993436233744288
587,0.20763301438841825,0.9993437068927826
588,0.207631061060489,0.99934379045964
589,0.20762911230316033,0.9993438740743291
590,0.20762716809781864,0.9993439577361829
591,0.2076252284251129,0.999344041444539
592,0.20762329326730652,0.9993441251987398
593,0.20762136260444597,0.9993442089981324
594,0.20761943641945432,0.9993442928420682
595,0.2076175146934715,0.9993443767299035
596,0.20761559740882066,0.9993444606609992
597,0.20761368454626514,0.9993445446347206
598,0.20761177608850553,0.9993446286504375
599,0.20760987201742226,0.9993447127075241
600,0.2076079723152086,0.9993447968053594
601,0.20760607696473657,0.9993448809433263
602,0.2076041860015645,0.9993449651208124
603,0.2076022992159995,0.9993450493372097
604,0.2076004168445636,0.9993451335919143
605,0.2075985387244134,0.999345217884327
606,0.20759666486772677,0.9993453022138521
607,0.20759479527110591,0.9993453865798989
608,0.20759292985382793,0.9993454709818805
609,0.20759106871273925,0.9993455554192144
610,0.20758921173783562,0.9993456398913221
611,0.20758735895357414,0.9993457243976291
612,0.20758551032685335,0.9993458089375655
613,0.20758366584637705,0.9993458935105647
614,0.20758182549659915,0.9993459781160648
615,0.207579989260284,0.9993460627535076
616,0.2075781571216528,0.9993461474223388
617,0.2075763290638636,0.9993462321220085
618,0.20757450507246378,0.9993463168519701
619,0.20757268512960003,0.9993464016116813
620,0.20757086921964962,0.9993464864006036
621,0.2075690573285188,0.9993465712182025
622,0.2075672494353933,0.9993466560639468
623,0.20756544553537135,0.9993467409373097
624,0.20756364560269666,0.9993468258377678
625,0.2075618496249962,0.9993469107648015
626,0.2075600575884796,0.9993469957178952
627,0.20755826946872113,0.9993470806965365
628,0.20755648527213924,0.9993471657002171
629,0.20755470494292583,0.999347250728432
630,0.20755292853371995,0.99934733578068
631,0.2075511559692007,0.9993474208564636
632,0.20754938728492567,0.9993475059552885
633,0.2075476223733333,0.9993475910766644
634,0.2075458613128507,0.999347676220104
635,0.20754410405774273,0.999347761385124
636,0.20754235059320053,0.9993478465712443
637,0.20754060090816484,0.9993479317779882
638,0.20753885498027239,0.9993480170048825
639,0.20753711281430887,0.9993481022514575
640,0.20753537435776553,0.9993481875172466
641,0.20753363963299457,0.999348272801787
642,0.20753190861359333,0.9993483581046185
643,0.20753018128558923,0.9993484434252851
644,0.20752845763479122,0.9993485287633334
645,0.20752673764709506,0.9993486141183133
646,0.20752502130969777,0.9993486994897786
647,0.20752330860861026,0.9993487848772854
648,0.20752159952962626,0.9993488702803937
649,0.20751989406154814,0.9993489556986661
650,0.20751819218556924,0.9993490411316689
651,0.20751649393482974,0.9993491265789711
652,0.2075147991691328,0.9993492120401452
653,0.20751310800078432,0.9993492975147662
654,0.2075114203748986,0.9993493830024128
655,0.20750973627796293,0.9993494685026664
656,0.20750805567436992,0.9993495540151113
657,0.20750637861933408,0.9993496395393351
658,0.20750470504190055,0.9993497250749283
659,0.20750303492119873,0.9993498106214841
660,0.20750136827535876,0.999349896178599
661,0.20749970508106852,0.9993499817458723
662,0.20749804535116145,0.999350067322906
663,0.20749638899797823,0.9993501529093053
664,0.2074947360839043,0.9993502385046779
665,0.2074930865713471,0.9993503241086346
666,0.20749144044804377,0.9993504097207888
667,0.20748979770119236,0.999350495340757
668,0.2074881583194286,0.9993505809681584
669,0.20748652228977593,0.9993506666026147
670,0.20748488960099082,0.9993507522437506
671,0.20748326023995367,0.9993508378911933
672,0.20748163419549853,0.999350923544573
673,0.20748001145461928,0.9993510092035223
674,0.20747839200170126,0.9993510948676766
675,0.20747677583971658,0.9993511805366739
676,0.2074751629413129,0.999351266210155
677,0.2074735533358416,0.9993513518877631
678,0.20747194690337692,0.999351437569144
679,0.20747034374123569,0.9993515232539462
680,0.20746874380158867,0.9993516089418207
681,0.20746714707227115,0.999351694632421
682,0.20746555354322155,0.9993517803254032
683,0.20746396320247748,0.9993518660204257
684,0.2074623760376339,0.9993519517171497
685,0.20746079203889217,0.9993520374152388
686,0.20745921119443372,0.9993521231143588
687,0.20745763349335242,0.9993522088141782
688,0.20745605892455796,0.9993522945143678
689,0.2074544874593902,0.9993523802146008
690,0.20745291914939856,0.9993524659145528
691,0.2074513539020143,0.9993525516139019
692,0.2074497917528057,0.9993526373123284
693,0.20744823268072274,0.9993527230095148
694,0.20744667667623498,0.9993528087051464
695,0.20744512372796994,0.9993528943989103
696,0.20744357382535103,0.9993529800904961
697,0.20744202695801378,0.9993530657795957
698,0.2074404831146568,0.9993531514659033
699,0.2074389422860091,0.9993532371491152
700,0.20743740446082162,0.99935332282893
701,0.20743586962857782,0.9993534085050484
702,0.20743433778037185,0.9993534941771736
703,0.20743280890386975,0.9993535798450106
704,0.20743128300155955,0.9993536655082669
705,0.20742976002891822,0.9993537511666519
706,0.207428240009903,0.9993538368198774
707,0.20742672292277578,0.999353922467657
708,0.20742520875835785,0.9993540081097066
709,0.2074236975055522,0.9993540937457442
710,0.20742218915499144,0.99935417937549
711,0.207420683697017,0.9993542649986658
712,0.20741918110467594,0.9993543506149959
713,0.20741768141837932,0.9993544362242065
714,0.20741618457845884,0.9993545218260259
715,0.20741469054523332,0.9993546074201842
716,0.2074131994500134,0.9993546930064137
717,0.20741171114112975,0.9993547785844485
718,0.2074102256573316,0.999354864154025
719,0.20740874298811562,0.999354949714881
720,0.2074072631249163,0.999355035266757
721,0.20740578605815221,0.9993551208093945
722,0.20740431177801585,0.9993552063425377
723,0.2074028402750046,0.9993552918659324
724,0.20740137154017718,0.9993553773793263
725,0.20739990556490237,0.999355462882469
726,0.2073984423388831,0.9993555483751118
727,0.20739698188423494,0.9993556338570081
728,0.20739552410085482,0.999355719327913
729,0.20739406907015334,0.9993558047875833
730,0.20739261675307374,0.9993558902357781
731,0.20739116714021677,0.9993559756722578
732,0.2073897201884437,0.9993560610967845
733,0.20738827599295614,0.9993561465091227
734,0.20738683444073233,0.9993562319090382
735,0.20738539555727836,0.9993563172962985
736,0.20738395933474665,0.999356402670673
737,0.20738252574513283,0.999356488031933
738,0.20738109483438405,0.9993565733798512
739,0.2073796665406866,0.999356658714202
740,0.20737824086689904,0.9993567440347618
741,0.20737681782067088,0.9993568293413084
742,0.20737539737811794,0.9993569146336215
743,0.20737397953572884,0.9993569999114822
744,0.20737256428494982,0.9993570851746734
745,0.2073711516175226,0.9993571704229797
746,0.2073697415253277,0.999357255656187
747,0.20736833399929483,0.9993573408740835
748,0.2073669290052299,0.999357426076458
749,0.20736552661457286,0.9993575112631019
750,0.20736412673902654,0.9993575964338074
751,0.20736272938242772,0.9993576815883688
752,0.20736133458115732,0.9993577667265817
753,0.2073599422826608,0.9993578518482433
754,0.20735855249326426,0.9993579369531523
755,0.2073571652059739,0.999358022041109
756,0.20735578041132327,0.9993581071119152
757,0.20735439810249587,0.9993581921653741
758,0.2073530182709794,0.9993582772012908
759,0.20735164090940492,0.9993583622194712
760,0.20735026600961864,0.9993584472197231
761,0.20734889356380004,0.999358532201856
762,0.20734752356465241,0.9993586171656803
763,0.20734615600337672,0.9993587021110082
764,0.20734479087393473,0.9993587870376534
765,0.20734342816738074,0.9993588719454307
766,0.20734206787550805,0.9993589568341565
767,0.20734071000444376,0.9993590417036489
768,0.20733935450930585,0.9993591265537267
769,0.20733800141909964,0.9993592113842109
770,0.20733665071476262,0.9993592961949231
771,0.20733530238792533,0.999359380985687
772,0.20733395643152847,0.9993594657563272
773,0.20733261283822163,0.9993595505066696
774,0.207331271601218,0.9993596352365418
775,0.207329932711845,0.9993597199457724
776,0.20732859616410768,0.9993598046341916
777,0.2073272619252602,0.9993598893016308
778,0.20732593006203934,0.9993599739479225
779,0.20732460049454052,0.9993600585729009
780,0.20732327323864738,0.9993601431764011
781,0.20732194828762282,0.9993602277582597
782,0.20732062562504006,0.9993603123183147
783,0.20731930527339057,0.999360396856405
784,0.20731798719518568,0.999360481372371
785,0.2073166713941238,0.9993605658660543
786,0.20731535789969313,0.9993606503372977
787,0.2073140465949771,0.9993607347859453
788,0.20731273758265895,0.9993608192118424
789,0.20731143081986128,0.9993609036148354
790,0.2073101262993954,0.9993609879947722
791,0.20730882401396475,0.9993610723515015
792,0.2073075239573515,0.9993611566848735
793,0.20730622612248203,0.9993612409947393
794,0.20730493046444187,0.9993613252809516
795,0.20730363709169572,0.9993614095433638
796,0.20730234588229726,0.9993614937818308
797,0.20730105686808592,0.9993615779962084
798,0.20729977003508782,0.9993616621863537
799,0.20729848539850532,0.9993617463521249
800,0.20729720292989448,0.9993618304933812
801,0.2072959226298744,0.9993619146099832
802,0.20729464449224483,0.9993619987017924
803,0.2072933684449222,0.9993620827686714
804,0.2072920946779984,0.9993621668104841
805,0.20729082298871074,0.9993622508270951
806,0.207289553435611,0.9993623348183703
807,0.20728828601273272,0.999362418784177
808,0.20728702071299424,0.9993625027243829
809,0.20728575753182205,0.9993625866388574
810,0.2072844964612939,0.9993626705274704
811,0.20728323749527627,0.9993627543900934
812,0.20728198062812686,0.9993628382265984
813,0.20728072585376958,0.999362922036859
814,0.20727947316582024,0.9993630058207491
815,0.2072782225574971,0.9993630895781443
816,0.2072769740229398,0.999363173308921
817,0.2072757275568723,0.9993632570129564
818,0.2072744831731097,0.9993633406901288
819,0.20727324080336423,0.9993634243403177
820,0.20727200050409,0.9993635079634032
821,0.20727076222248142,0.9993635915592669
822,0.20726952603067816,0.9993636751277908
823,0.207268291844668,0.9993637586688583
824,0.20726705968450718,0.9993638421823534
825,0.20726582959215467,0.9993639256681616
826,0.20726460141764053,0.9993640091261685
827,0.20726337529947875,0.9993640925562616
828,0.20726215118408148,0.9993641759583286
829,0.20726092906483953,0.9993642593322584
830,0.20725970893638576,0.9993643426779408
831,0.20725849079251626,0.9993644259952668
832,0.20725727462933918,0.9993645092841277
833,0.2072560604376587,0.9993645925444161
834,0.2072548482148104,0.9993646757760256
835,0.20725363795467935,0.9993647589788504
836,0.20725242968721325,0.9993648421527856
837,0.20725122329704787,0.9993649252977276
838,0.20725001888893205,0.999365008413573
839,0.20724881643872417,0.9993650915002199
840,0.20724761588731785,0.9993651745575668
841,0.20724641728168833,0.9993652575855134
842,0.2072452205995954,0.99936534058396
843,0.20724402583531457,0.9993654235528079
844,0.2072428329831698,0.9993655064919591
845,0.20724164203751744,0.9993655894013166
846,0.2072404529937742,0.999365672280784
847,0.20723926584580213,0.9993657551302659
848,0.20723808058825038,0.9993658379496678
849,0.20723689721611716,0.9993659207388959
850,0.2072357157239242,0.9993660034978569
851,0.2072345360973915,0.9993660862264588
852,0.20723335835808035,0.9993661689246103
853,0.2072321824734392,0.9993662515922205
854,0.20723100844812553,0.9993663342291997
855,0.20722983625456104,0.9993664168354589
856,0.20722866594430311,0.9993664994109098
857,0.20722749747262467,0.9993665819554648
858,0.20722633080239938,0.9993666644690371
859,0.20722516602147661,0.9993667469515408
860,0.2072240030401278,0.9993668294028908
861,0.20722284188146847,0.9993669118230023
862,0.20722168254084963,0.9993669942117916
863,0.20722052501209298,0.999367076569176
864,0.20721936929108487,0.9993671588950729
865,0.20721821537274096,0.9993672411894009
866,0.20721706325185557,0.9993673234520791
867,0.20721591288805608,0.9993674056830275
868,0.20721476438280595,0.9993674878821666
869,0.20721361762464238,0.9993675700494177
870,0.20721247263668052,0.9993676521847029
871,0.20721132944147713,0.9993677342879449
872,0.20721018799700347,0.9993678163590671
873,0.20720904832056772,0.9993678983979938
874,0.20720791040181116,0.9993679804046495
875,0.20720677423428113,0.9993680623789598
876,0.20720563985270135,0.9993681443208509
877,0.2072045071203963,0.9993682262302496
878,0.20720337621542162,0.9993683081070834
879,0.20720224701645937,0.9993683899512804
880,0.207201119546883,0.9993684717627696
881,0.20719999380222853,0.9993685535414804
882,0.2071988697780664,0.9993686352873428
883,0.20719774746951453,0.9993687170002876
884,0.2071966268713029,0.9993687986802463
885,0.20719550797966044,0.9993688803271511
886,0.20719439078952442,0.9993689619409344
887,0.2071932753045469,0.9993690435215297
888,0.20719216149538047,0.9993691250688709
889,0.20719104938284869,0.9993692065828925
890,0.20718993895294738,0.9993692880635298
891,0.20718883020238035,0.9993693695107185
892,0.2071877231523721,0.9993694509243951
893,0.20718661769926905,0.9993695323044967
894,0.20718551397780605,0.9993696136509606
895,0.207184411897136,0.9993696949637252
896,0.20718331147267913,0.9993697762427293
897,0.20718221270045267,0.9993698574879123
898,0.20718111557571747,0.9993699386992142
899,0.20718002008651015,0.9993700198765755
900,0.20717892625099318,0.9993701010199374
901,0.2071778340427162,0.9993701821292414
902,0.20717674346455653,0.9993702632044301
903,0.20717565451172168,0.9993703442454462
904,0.20717456718060437,0.9993704252522331
905,0.20717348146608558,0.9993705062247348
906,0.20717239736514895,0.9993705871628957
907,0.20717131487289017,0.9993706680666611
908,0.2071702339845013,0.9993707489359764
909,0.20716915469584657,0.999370829770788
910,0.20716807700368156,0.9993709105710423
911,0.20716700090325083,0.9993709913366869
912,0.20716592639015632,0.9993710720676693
913,0.20716485346007205,0.999371152763938
914,0.2071637821096078,0.9993712334254417
915,0.2071627123344163,0.9993713140521298
916,0.20716164412967406,0.9993713946439522
917,0.20716057752146633,0.9993714752008592
918,0.20715951241726957,0.9993715557228019
919,0.20715844890097218,0.9993716362097316
920,0.20715738693928426,0.9993717166616002
921,0.20715632653368088,0.9993717970783601
922,0.20715526766383288,0.9993718774599644
923,0.20715421034180254,0.9993719578063662
924,0.20715315455814776,0.9993720381175197
925,0.20715210030940026,0.9993721183933792
926,0.20715104759109557,0.9993721986338997
927,0.20714999639927173,0.9993722788390365
928,0.20714894673029324,0.9993723590087452
929,0.20714789858046054,0.9993724391429826
930,0.20714685194522198,0.9993725192417051
931,0.20714580682017414,0.9993725993048701
932,0.2071447632033288,0.9993726793324355
933,0.20714372108927093,0.9993727593243593
934,0.2071426804614036,0.9993728392806003
935,0.20714164135524724,0.9993729192011175
936,0.20714060372787588,0.9993729990858705
937,0.20713956758796354,0.9993730789348194
938,0.2071385329325852,0.9993731587479247
939,0.20713749975700124,0.9993732385251473
940,0.20713646805853153,0.9993733182664484
941,0.2071354378319781,0.99937339797179
942,0.20713440907500646,0.9993734776411344
943,0.20713338178380378,0.9993735572744441
944,0.2071323559533216,0.9993736368716822
945,0.20713133158127786,0.9993737164328125
946,0.20713030866907822,0.9993737959577987
947,0.20712928719580675,0.9993738754466054
948,0.20712826717517913,0.9993739548991972
949,0.20712724859765086,0.9993740343155395
950,0.20712623146006864,0.9993741136955978
951,0.20712521575789403,0.9993741930393383
952,0.20712420148874283,0.9993742723467274
953,0.20712318864784285,0.9993743516177319
954,0.20712217723229215,0.9993744308523191
955,0.2071211672267811,0.9993745100504569
956,0.20712015866205855,0.999374589212113
957,0.20711915152233096,0.9993746683372561
958,0.207118145750181,0.9993747474258551
959,0.20711714138056536,0.9993748264778791
960,0.20711613846778376,0.9993749054932979
961,0.20711513692959416,0.9993749844720814
962,0.20711413678748147,0.9993750634142
963,0.20711313804102394,0.9993751423196247
964,0.20711214068079634,0.9993752211883264
965,0.2071111446804781,0.9993753000202769
966,0.2071101501208247,0.9993753788154479
967,0.2071091569547968,0.9993754575738117
968,0.20710816507961222,0.9993755362953411
969,0.20710717462007863,0.9993756149800092
970,0.20710618553031424,0.9993756936277891
971,0.2071051978062614,0.9993757722386547
972,0.2071042114452086,0.9993758508125802
973,0.20710322644389256,0.9993759293495399
974,0.2071022427983947,0.9993760078495086
975,0.20710126050583938,0.9993760863124616
976,0.20710027956283844,0.9993761647383743
977,0.20709929996591842,0.9993762431272227
978,0.20709832171182016,0.9993763214789829
979,0.2070973447972072,0.9993763997936316
980,0.20709636921935368,0.9993764780711454
981,0.20709539497436488,0.9993765563115017
982,0.20709442205955012,0.9993766345146782
983,0.20709345050550731,0.9993767126806524
984,0.20709248020551607,0.999376790809403
985,0.20709151126068184,0.9993768689009083
986,0.20709054363320073,0.9993769469551471
987,0.20708957731860136,0.9993770249720988
988,0.20708861231551656,0.9993771029517429
989,0.20708764861926135,0.999377180894059
990,0.20708668622756282,0.9993772587990276
991,0.20708572513708925,0.9993773366666291
992,0.20708476537597076,0.9993774144968441
993,0.207083806846529,0.999377492289654
994,0.20708284964068788,0.9993775700450399
995,0.20708189372341212,0.9993776477629838
996,0.2070809390920173,0.9993777254434676
997,0.20707998574287242,0.9993778030864736
998,0.20707903367310487,0.9993778806919846
999,0.2070780828798514,0.9993779582599834
1000,0.20707713335969666,0.9993780357904533
1001,0.20707618511004872,0.9993781132833777
1002,0.20707523812781128,0.9993781907387405
1003,0.20707429242313735,0.9993782681565259
1004,0.20707334795267415,0.9993783455367181
1005,0.20707240471413102,0.999378422879302
1006,0.2070714628102806,0.9993785001842624
1007,0.20707052211919266,0.9993785774515849
1008,0.20706958267745174,0.9993786546812545
1009,0.2070686444821381,0.9993787318732575
1010,0.20706770752996595,0.9993788090275798
1011,0.20706677181827884,0.9993788861442078
1012,0.20706583734446166,0.9993789632231281
1013,0.20706490410490508,0.9993790402643278
1014,0.20706397209728233,0.9993791172677938
1015,0.2070630413183074,0.9993791942335138
1016,0.20706211176983302,0.9993792711614755
1017,0.20706118343569344,0.9993793480516668
1018,0.20706025632595476,0.9993794249040762
1019,0.20705933043358893,0.9993795017186918
1020,0.20705840575566234,0.9993795784955027
1021,0.20705748228980309,0.999379655234498
1022,0.20705656005959727,0.9993797319356669
1023,0.20705563896351697,0.9993798085989988
1024,0.20705471913264573,0.9993798852244836
1025,0.20705380048465674,0.9993799618121115
1026,0.20705288303490438,0.9993800383618727
1027,0.20705196677934695,0.9993801148737577
1028,0.20705105171039673,0.9993801913477574
1029,0.20705013784185594,0.9993802677838628
1030,0.20704922515410099,0.9993803441820652
1031,0.2070483136506321,0.9993804205423562
1032,0.20704740332784424,0.9993804968647275
1033,0.20704649418318258,0.9993805731491711
1034,0.2070455862144352,0.9993806493956793
1035,0.20704467941846288,0.9993807256042445
1036,0.20704377379290648,0.9993808017748596
1037,0.20704286929315918,0.9993808779075173
1038,0.20704196604101976,0.9993809540022109
1039,0.2070410639093437,0.999381030058934
1040,0.2070401629376348,0.9993811060776798
1041,0.20703926312252044,0.9993811820584426
1042,0.20703836446155127,0.9993812580012162
1043,0.20703746695227193,0.9993813339059952
1044,0.20703657060248215,0.9993814097727738
1045,0.20703567537763845,0.9993814856015469
1046,0.20703478130705316,0.9993815613923096
1047,0.20703388837738576,0.9993816371450569
1048,0.20703299658620528,0.9993817128597843
1049,0.20703210594031707,0.9993817885364873
1050,0.20703121640907945,0.9993818641751618
1051,0.20703032801780308,0.9993819397758039
1052,0.20702944075483615,0.9993820153384099
1053,0.20702855461779052,0.999382090862976
1054,0.20702766960312166,0.9993821663494991
1055,0.20702678570925842,0.999382241797976
1056,0.20702590295318823,0.9993823172084038
1057,0.20702502127308395,0.9993823925807797
1058,0.20702414072527586,0.9993824679151012
1059,0.20702326128812418,0.9993825432113661
1060,0.20702238295897177,0.9993826184695721
1061,0.20702150573547995,0.9993826936897174
1062,0.20702062961474227,0.9993827688718002
1063,0.20701975459751487,0.9993828440158191
1064,0.20701888067411067,0.9993829191217726
1065,0.20701800784585284,0.9993829941896596
1066,0.20701713611224778,0.9993830692194791
1067,0.20701626546979543,0.9993831442112304
1068,0.2070153959164195,0.9993832191649129
1069,0.20701452744674484,0.9993832940805263
1070,0.20701366006168204,0.9993833689580702
1071,0.20701279375708564,0.9993834437975447
1072,0.20701192853177036,0.9993835185989499
1073,0.20701106440221995,0.9993835933622862
1074,0.20701020130646455,0.9993836680875541
1075,0.20700933930246584,0.9993837427747542
1076,0.2070084784071362,0.9993838174238876
1077,0.2070076184990199,0.999383892034955
1078,0.2070067596948805,0.999383966607958
1079,0.20700590195260932,0.9993840411428979
1080,0.20700504527064842,0.9993841156397761
1081,0.20700418964554582,0.9993841900985947
1082,0.20700333507506577,0.9993842645193552
1083,0.20700248155773476,0.9993843389020599
1084,0.20700162909068068,0.9993844132467111
1085,0.20700077768795955,0.9993844875533112
1086,0.20699992729819028,0.9993845618218627
1087,0.2069990779685167,0.9993846360523685
1088,0.20699822967984427,0.9993847102448313
1089,0.20699738243015436,0.9993847843992545
1090,0.20699653621695108,0.9993848585156411
1091,0.20699569103813498,0.9993849325939945
1092,0.20699484685769076,0.9993850066343184
1093,0.20699400377468627,0.9993850806366165
1094,0.20699316168536464,0.9993851546008926
1095,0.20699232062156292,0.9993852285271508
1096,0.20699148058086322,0.9993853024153952
1097,0.2069906415612227,0.9993853762656304
1098,0.20698980356034605,0.9993854500778605
1099,0.20698896657589713,0.9993855238520906
1100,0.20698813060584983,0.999385597588325
1101,0.20698729564774757,0.9993856712865691
1102,0.20698646169953347,0.9993857449468277
1103,0.20698562875922072,0.9993858185691062
1104,0.20698479682448245,0.99938589215341
1105,0.206983965892905,0.9993859656997446
1106,0.20698313596306173,0.9993860392081156
1107,0.20698230703211026,0.999386112678529
1108,0.20698147909795922,0.9993861861109906
1109,0.2069806521587507,0.9993862595055066
1110,0.20697982621243022,0.9993863328620832
1111,0.2069790012560244,0.9993864061807269
1112,0.20697817731969392,0.9993864794614441
1113,0.2069773543074265,0.9993865527042416
1114,0.20697653231052482,0.9993866259091261
1115,0.20697571129579945,0.9993866990761046
1116,0.20697489126094734,0.999386772205184
1117,0.20697407220389458,0.9993868452963717
1118,0.2069732541227199,0.999386918349675
1119,0.20697243701571671,0.9993869913651013
1120,0.20697162087979037,0.9993870643426584
1121,0.20697080571428217,0.9993871372823538
1122,0.2069699914929486,0.9993872101841955
1123,0.20696917828295555,0.9993872830481915
1124,0.20696836601359214,0.9993873558743498
1125,0.2069675547143457,0.9993874286626788
1126,0.20696674432001194,0.9993875014131867
1127,0.20696593496668278,0.9993875741258821
1128,0.20696512653115304,0.9993876468007736
1129,0.20696431904882429,0.99938771943787
1130,0.20696351251789136,0.99938779203718
1131,0.20696270693643318,0.9993878645987126
1132,0.20696190230208714,0.9993879371224772
1133,0.20696109861364756,0.9993880096084827
1134,0.20696029586812212,0.9993880820567387
1135,0.2069594940643838,0.9993881544672544
1136,0.2069586931887153,0.9993882268400395
1137,0.2069578932729911,0.9993882991751036
1138,0.20695709428158737,0.9993883714724566
1139,0.20695629622367423,0.9993884437321086
1140,0.20695549909744065,0.9993885159540693
1141,0.20695470290079881,0.9993885881383491
1142,0.2069539076320602,0.9993886602849581
1143,0.2069531132891417,0.9993887323939067
1144,0.20695231987001123,0.9993888044652054
1145,0.20695152737300077,0.9993888764988649
1146,0.20695073579603596,0.9993889484948957
1147,0.20694994513697507,0.9993890204533087
1148,0.20694915539407838,0.9993890923741149
1149,0.2069483665661485,0.9993891642573253
1150,0.20694757868750213,0.9993892361029508
1151,0.20694679164534477,0.9993893079110029
1152,0.20694600554867235,0.9993893796814928
1153,0.20694522035916293,0.999389451414432
1154,0.20694443608531454,0.999389523109832
1155,0.20694365269286827,0.9993895947677044
1156,0.20694287023257651,0.9993896663880611
1157,0.20694208863142433,0.9993897379709138
1158,0.20694130794816545,0.9993898095162744
1159,0.20694052816008207,0.9993898810241552
1160,0.2069397492665244,0.9993899524945681
1161,0.20693897126503338,0.9993900239275253
1162,0.2069381941531035,0.9993900953230394
1163,0.20693741792072484,0.9993901666811226
1164,0.20693664259396188,0.9993902380017874
1165,0.2069358681418874,0.9993903092850466
1166,0.20693509457303236,0.9993903805309128
1167,0.20693432188561686,0.9993904517393989
1168,0.20693355007714082,0.9993905229105176
1169,0.2069327791467396,0.9993905940442821
1170,0.20693200909185977,0.9993906651407054
1171,0.20693123990377082,0.9993907361998006
1172,0.20693047160259156,0.999390807221581
1173,0.20692970416452594,0.9993908782060601
1174,0.2069289375955579,0.9993909491532512
1175,0.20692817189287904,0.9993910200631678
1176,0.20692740706277357,0.9993910909358237
1177,0.20692664308264416,0.9993911617712322
1178,0.20692587997047754,0.9993912325694075
1179,0.20692511771899277,0.9993913033303633
1180,0.2069243563253654,0.9993913740541136
1181,0.20692359578846692,0.9993914447406723
1182,0.20692283608974393,0.9993915153900538
1183,0.20692207727729486,0.999391586002272
1184,0.2069213192998336,0.9993916565773413
1185,0.20692056217173943,0.9993917271152761
1186,0.20691980589168835,0.9993917976160909
1187,0.20691905045839137,0.9993918680798001
1188,0.2069182958692397,0.9993919385064184
1189,0.2069175421295193,0.9993920088959604
1190,0.2069167892183472,0.999392079248441
1191,0.20691603716249396,0.9993921495638748
1192,0.20691528592595032,0.999392219842277
1193,0.2069145355345654,0.9993922900836625
1194,0.20691378597792157,0.9993923602880462
1195,0.20691303725398072,0.9993924304554435
1196,0.2069122893618188,0.9993925005858695
1197,0.20691154229860415,0.9993925706793394
1198,0.2069107960642158,0.9993926407358688
1199,0.2069100506554438,0.9993927107554729
1200,0.20690930607156152,0.9993927807381673
1201,0.20690856231066662,0.9993928506839677
1202,0.20690781937129096,0.9993929205928896
1203,0.20690707725172872,0.9993929904649489
1204,0.2069063359501629,0.9993930603001612
1205,0.20690559546540074,0.9993931300985424
1206,0.20690485579538553,0.9993931998601085
1207,0.2069041169389746,0.9993932695848756
1208,0.20690337889439658,0.9993933392728596
1209,0.206902641659673,0.9993934089240767
1210,0.20690190523373603,0.9993934785385431
1211,0.20690116961484173,0.9993935481162751
1212,0.20690043480137066,0.9993936176572891
1213,0.20689970079172873,0.9993936871616013
1214,0.20689896758400858,0.9993937566292282
1215,0.20689823517736589,0.9993938260601867
1216,0.20689750357002146,0.9993938954544929
1217,0.20689677276008497,0.9993939648121637
1218,0.20689604274596463,0.9993940341332159
1219,0.20689531352656523,0.9993941034176661
1220,0.20689458509991837,0.9993941726655312
1221,0.2068938574648445,0.9993942418768282
1222,0.20689313061971396,0.9993943110515741
1223,0.20689240456276056,0.9993943801897857
1224,0.20689167929272667,0.9993944492914802
1225,0.20689095480784866,0.9993945183566748
1226,0.2068902311066055,0.9993945873853867
1227,0.20688950818796162,0.9993946563776331
1228,0.2068887860498991,0.9993947253334313
1229,0.2068880646909265,0.9993947942527989
1230,0.2068873441112199,0.999394863135753
1231,0.20688662430510146,0.9993949319823113
1232,0.20688590527477693,0.9993950007924913
1233,0.2068851870285564,0.9993950695663106
1234,0.20688446953248463,0.9993951383037869
1235,0.20688375281764831,0.9993952070049379
1236,0.20688303688674503,0.9993952756697814
1237,0.20688232169294687,0.9993953442983351
1238,0.2068816072798908,0.9993954128906168
1239,0.20688089363143253,0.9993954814466448
1240,0.20688018074578626,0.9993955499664366
1241,0.20687946862169734,0.9993956184500107
1242,0.2068787572573248,0.9993956868973849
1243,0.20687804665149312,0.9993957553085773
1244,0.20687733679654474,0.9993958236836061
1245,0.2068766277106401,0.9993958920224898
1246,0.20687591938582583,0.9993959603252464
1247,0.2068752117863122,0.9993960285918942
1248,0.20687450495209073,0.9993960968224518
1249,0.206873798888076,0.9993961650169375
1250,0.20687309353167518,0.9993962331753699
1251,0.20687238894279897,0.9993963012977672
1252,0.206871685099555,0.9993963693841483
1253,0.20687098200103557,0.9993964374345318
1254,0.20687027964479435,0.9993965054489362
1255,0.20686957803035358,0.9993965734273803
1256,0.20686887715607336,0.9993966413698828
1257,0.20686817699832705,0.9993967092764625
1258,0.2068674776218719,0.9993967771471384
1259,0.20686677895920816,0.9993968449819292
1260,0.2068660810310386,0.9993969127808539
1261,0.20686538383632253,0.9993969805439314
1262,0.20686468737329597,0.9993970482711809
1263,0.2068639916404234,0.9993971159626214
1264,0.2068632966366311,0.9993971836182719
1265,0.20686260232660403,0.9993972512381516
1266,0.20686190881063013,0.9993973188222797
1267,0.20686121598562487,0.9993973863706754
1268,0.20686052388432563,0.9993974538833581
1269,0.2068598325414217,0.999397521360347
1270,0.2068591418470241,0.9993975888016614
1271,0.20685845190089236,0.9993976562073208
1272,0.20685776268791858,0.9993977235773446
1273,0.20685707418925092,0.9993977909117522
1274,0.2068563863959562,0.9993978582105632
1275,0.2068556993220475,0.9993979254737971
1276,0.20685501296069483,0.9993979927014734
1277,0.20685432731154368,0.999398059893612
1278,0.20685364237199225,0.9993981270502322
1279,0.2068529581413249,0.9993981941713539
1280,0.2068522746184368,0.9993982612569968
1281,0.20685159180188886,0.9993983283071807
1282,0.20685090970539222,0.9993983953219253
1283,0.20685022828251298,0.9993984623012505
1284,0.20684954757706162,0.9993985292451762
1285,0.206848867570258,0.9993985961537223
1286,0.20684818829227103,0.9993986630269087
1287,0.20684750966193022,0.9993987298647555
1288,0.20684683175306864,0.9993987966672826
1289,0.20684615453992744,0.99939886343451
1290,0.20684547800977204,0.9993989301664579
1291,0.2068448021967599,0.9993989968631463
1292,0.20684412706389954,0.9993990635245954
1293,0.2068434526220095,0.9993991301508254
1294,0.20684277886960536,0.9993991967418564
1295,0.20684210580573476,0.9993992632977088
1296,0.20684143339118266,0.9993993298184027
1297,0.20684076173755503,0.9993993963039586
1298,0.20684009073895648,0.9993994627543966
1299,0.2068394204076345,0.9993995291697373
1300,0.20683875075689218,0.9993995955500009
1301,0.2068380818062317,0.9993996618952079
1302,0.20683741352522936,0.9993997282053788
1303,0.2068367459227563,0.999399794480534
1304,0.20683607899758116,0.999399860720694
1305,0.20683541274573292,0.9993999269258793
1306,0.20683474717340092,0.9993999930961106
1307,0.20683408227226643,0.9994000592314085
1308,0.206833418043148,0.9994001253317935
1309,0.20683275448501703,0.9994001913972863
1310,0.20683209159693852,0.9994002574279075
1311,0.20683142937713736,0.9994003234236779
1312,0.2068307678248053,0.9994003893846183
1313,0.20683010693887224,0.9994004553107492
1314,0.20682944673099857,0.9994005212020917
1315,0.20682878716066766,0.9994005870586663
1316,0.2068281282656355,0.999400652880494
1317,0.20682747003242297,0.9994007186675956
1318,0.20682681245909024,0.999400784419992
1319,0.206826155509356,0.9994008501377042
1320,0.2068254992890895,0.999400915820753
1321,0.2068248436895746,0.9994009814691593
1322,0.2068241887454723,0.9994010470829443
1323,0.20682353447490964,0.9994011126621288
1324,0.20682288081900518,0.9994011782067339
1325,0.20682222783442883,0.9994012437167806
1326,0.20682157550052455,0.9994013091922901
1327,0.20682092381652234,0.9994013746332834
1328,0.20682027282302995,0.9994014400397815
1329,0.20681962239289975,0.9994015054118057
1330,0.2068189726794829,0.9994015707493771
1331,0.20681832355336144,0.9994016360525169
1332,0.206817675106156,0.9994017013212463
1333,0.2068170272822869,0.9994017665555864
1334,0.20681638012120365,0.9994018317555586
1335,0.20681573359321695,0.9994018969211841
1336,0.20681508770427046,0.9994019620524842
1337,0.20681444245368721,0.9994020271494801
1338,0.20681379783994372,0.9994020922121933
1339,0.20681315386238472,0.999402157240645
1340,0.2068125105431804,0.9994022222348565
1341,0.20681186781033395,0.9994022871948495
1342,0.2068112257339278,0.999402352120645
1343,0.20681058428903837,0.9994024170122645
1344,0.20680994347449483,0.9994024818697297
1345,0.20680930328888453,0.9994025466930617
1346,0.20680866373202283,0.9994026114822823
1347,0.20680802480174612,0.9994026762374127
1348,0.2068073864978455,0.9994027409584746
1349,0.2068067488186932,0.9994028056454893
1350,0.20680611176309277,0.9994028702984786
1351,0.20680547532920412,0.999402934917464
1352,0.2068048395474843,0.9994029995024669
1353,0.20680420432837976,0.999403064053509
1354,0.20680356975695285,0.9994031285706119
1355,0.2068029358040656,0.9994031930537971
1356,0.20680230246828912,0.9994032575030865
1357,0.20680166974887357,0.9994033219185015
1358,0.20680103764421567,0.9994033863000638
1359,0.20680040615418932,0.9994034506477951
2000,0.2064882003247528,0.9994386856319772
2500,0.2063238171150865,0.9994598283895787
3000,0.20619715506332015,0.9994772176691372
3500,0.20609500378491244,0.9994918751694516
4000,0.2060099362459058,0.9995044743545574
4500,0.20593739116202175,0.9995154763543462
6000,0.20576932297854927,0.9995417590670758
7000,0.20568421192748854,0.9995554265652996
8000,0.20561307463896045,0.9995669998766739
9000,0.20555222305636558,0.9995769908336992
10000,0.20549923045704335,0.9995857487095129
