File Number,First Data
2,1.90850862679815670935783502815494480
3,1.85538194129764085294856945985748542
4,1.84955906520274977931465281201352159
5,1.84784587546169504262572145816733936
6,1.84714396797449172464550712735039655
7,1.84679963492977472800226136227299362
8,1.84660993469649944981989885767433568
9,1.84649650245800814896819297263815928
10,1.84642438541629276263537507763443352
11,1.84637628998609671799890080257128245
12,1.84634295848874310602578244272404253
13,1.84631911722079254550608900469747868
14,1.84630160651569080500023731016405428
15,1.84628845238185487323124215825171297
16,1.84627837721388678288384862439081051
17,1.84627052871160605241727455407935547
18,1.84626432318555584438265108667231161
19,1.84625935161254100585006509294654817
20,1.84625532149156727549960073687613420
21,1.84625201983618461274276587092859380
22,1.84624928902791149859804421639993404
23,1.84624701070798651070511668214732162
24,1.84624509481514085731047581727917403
25,1.84624347198971426708872195710148393
26,1.84624208822341036578157180579554389
27,1.84624090103399081950155267186879529
28,1.84623987669249316783529619565201723
29,1.84623898818784012686662503343405688
30,1.84623821371521870958617369714350724
31,1.84623753554125611836151026695960501
32,1.84623693914347710978832034198471548
33,1.84623641255162097082684461087246695
34,1.84623594583904581536614461673397356
35,1.84623553072679815533149539189027346
36,1.84623516027301711271916958321792908
37,1.84623482862751826382276585931494645
38,1.84623453083655776946500874030044865
39,1.84623426268651816561433841208344426
40,1.84623402057799639712369090204142486
41,1.84623380142379801365759714917577816
42,1.84623360256584832204538813234144957
43,1.84623342170716228880081984703567645
44,1.84623325685587014815623350825873953
45,1.84623310627894680856830090537507898
46,1.84623296846379224929494622812455269
47,1.84623284208619508927230243717089617
48,1.84623272598351027920109504623982615
49,1.84623261913211506372895132486494872
50,1.84623252062839037960459952446308997
51,1.84623242967261925191022238190940021
52,1.84623234555530824964465168482053444
53,1.84623226764552929326770024299704599
54,1.84623219538095213575692724360624248
55,1.84623212825929655717730105417868125
56,1.84623206583098072678450156230666445
57,1.84623200769278062993949091076950075
58,1.84623195348234675011923557964435564
59,1.84623190287344976594575665147227006
60,1.84623185557184799283458075860063939
61,1.84623181131168655693046684024687015
62,1.84623176985235254086035857253686365
63,1.84623173097572214891506569322969962
64,1.84623169448374575373546771576644121
65,1.84623166019632486910957597069125724
66,1.84623162794944193572921862535920006
67,1.84623159759350954471604426590102293
68,1.84623156899191054903802341396742253
69,1.84623154201970458171539404876529364
70,1.84623151656247993954832164752609803
71,1.84623149251533270658735972301957976
72,1.84623146978195746872091552685196732
73,1.84623144827383608050253617244602561
74,1.84623142790951274634517481976204252
75,1.84623140861394521911601871359123982
76,1.84623139031792324042427050308645741
77,1.84623137295754648222671969787044135
78,1.84623135647375522696586231131074816
79,1.84623134081190786691514286249407628
80,1.84623132592140003256611104059856619
81,1.84623131175532079144578333997784775
82,1.84623129827014190678214523415962780
83,1.84623128542543662185007030329588225
84,1.84623127318362485071843456936590495
85,1.84623126150974201805031992492832908
86,1.84623125037122910687190140369763724
87,1.84623123973774175003651467902196722
88,1.84623122958097644377847909494542605
89,1.84623121987451217481906457249226556
90,1.84623121059366593985113207040041653
91,1.84623120171536080123518561334319701
92,1.84623119321800526826742636470299886
93,1.84623118508138292191172355052676889
94,1.84623117728655131456517758745538822
95,1.84623116981574927710422005547859694
96,1.84623116265231185474045614205615184
97,1.84623115578059217249527278006457235
98,1.84623114918588960158996516436006076
99,1.84623114285438366079667830257766933
100,1.84623113677307314272296123523370144
101,1.84623113092972000490979825978804029
102,1.84623112531279761021033777542405632
103,1.84623111991144294079616375538741181
104,1.84623111471541244584771060327419077
105,1.84623110971504121499590105652116598
106,1.84623110490120519830779981763292211
107,1.84623110026528621941421961089417531
108,1.84623109579913955158277153652821283
109,1.84623109149506384742903887432484618
110,1.84623108734577323178113526777041223
111,1.84623108334437138419014930090997613
112,1.84623107948432745290644229548543366
113,1.84623107575945365599274058595945969
114,1.84623107216388443777337491393043314
115,1.84623106869205706016140995539083209
116,1.84623106533869351868318803206660796
117,1.84623106209878368234113864742362011
118,1.84623105896756956491680843889574930
119,1.84623105594053064300286535350511242
120,1.84623105301337014304196908698703271
121,1.84623105018200222601043784831018951
122,1.84623104744254000417674185623344047
123,1.84623104479128432964410111432303999
124,1.84623104222471329920171046269845545
125,1.84623103973947242440484138353710959
126,1.84623103733236541981950740560684729
127,1.84623103500034556603840357767949125
128,1.84623103274050760743323891528475691
129,1.84623103055008014768328580713149975
130,1.84623102842641850893690985273451558
131,1.84623102636699802304538151365628786
132,1.84623102436940772567752674673383770
133,1.84623102243134442629887972954838523
134,1.84623102055060712899711113306894448
135,1.84623101872509178097224827009738710
136,1.84623101695278632719971370924474254
137,1.84623101523176605132922290866843835
138,1.84623101356018918431473328056482451
139,1.84623101193629276359043783189697179
140,1.84623101035838872682475424895131997
141,1.84623100882486022540711889823612802
142,1.84623100733415814385897758253082267
143,1.84623100588479781231790622665309217
144,1.84623100447535590012876576286306440
145,1.84623100310446747939420919032071366
146,1.84623100177082324809411697619937885
147,1.84623100047316690308457765530557654
148,1.84623099921029265393640401748714730
149,1.84623099798104286917497834184563361
150,1.84623099678430584704127098943120523
151,1.84623099561901370341156132034337823
152,1.84623099448414036999393733401687110
153,1.84623099337869969636590545408517531
154,1.84623099230174364983207786921172870
155,1.84623099125236060746632957383479872
156,1.84623099022967373506128855099965757
157,1.84623098923283944804156996674868835
158,1.84623098826104594970764831355553923
159,1.84623098731351184246646011066098752
160,1.84623098638948480797425955645442096
161,1.84623098548824035236843888876944540
162,1.84623098460908061299926277282773544
163,1.84623098375133322329102914914439250
164,1.84623098291435023256617469194066232
165,1.84623098209750707785633649323200926
166,1.84623098130020160490236281095340494
167,1.84623098052185313571159714770094021
168,1.84623097976190158019628033506092892
169,1.84623097901980658956237965895125029
170,1.84623097829504674925428871201110069
171,1.84623097758711880938826386642503826
172,1.84623097689553695072680288931663697
173,1.84623097621983208435797049729676694
174,1.84623097555955118334846330582415009
175,1.84623097491425664473744785873942433
176,1.84623097428352568033034440227293334
177,1.84623097366694973483819446848179938
178,1.84623097306413392998939283119080245
179,1.84623097247469653331676464545026466
180,1.84623097189826845039454388463826865
181,1.84623097133449273936705291249444663
182,1.84623097078302414667410243734826632
183,1.84623097024352866293756831888432516
184,1.84623096971568309802950741982510834
185,1.84623096919917467439478941505897950
186,1.84623096869370063775072625379552416
187,1.84623096819896788433281006567022185
188,1.84623096771469260389957745121271366
189,1.84623096724059993775099375425146864
190,1.84623096677642365105374075123468670
191,1.84623096632190581880354985232784757
192,1.84623096587679652478939306069061409
193,1.84623096544085357295705223751344555
194,1.84623096501384221060043809526876833
195,1.84623096459553486283817313475079919
196,1.84623096418571087786045312938649973
197,1.84623096378415628245718162586409339
198,1.84623096339066354736292156144497614
199,1.84623096300503136197740258969449285
200,1.84623096262706441804224991703202983
201,1.84623096225657320187534183418213260
202,1.84623096189337379478381205584360375
203,1.84623096153728768129527187737296229
204,1.84623096118814156486439179222078361
205,1.84623096084576719072860303246361639
206,1.84623096051000117560243010319035561
207,1.84623096018068484391486796988072044
208,1.84623095985766407030835346358111790
209,1.84623095954078912813126494288912059
210,1.84623095922991454366857267791667787
211,1.84623095892489895586730202682183266
212,1.84623095862560498132487766513896671
213,1.84623095833189908431924995898217306
214,1.84623095804365145166997005279648017
215,1.84623095776073587222913813649139290
216,1.84623095748302962081040126268536114
217,1.84623095721041334637296909701267953
218,1.84623095694277096428596545542862108
219,1.84623095667998955250636336727526177
220,1.84623095642195925151129161520783277
221,1.84623095616857316783266410352003074
222,1.84623095591972728104889411624971721
223,1.84623095567532035409493299236248477
224,1.84623095543525384675803650336446827
225,1.84623095519943183223251932304045272
226,1.84623095496776091661233709430249845
227,1.84623095474015016120564713628624299
228,1.84623095451651100756054907284901917
229,1.84623095429675720509601994931997638
230,1.84623095408080474123664503536066886
231,1.84623095386857177395410751326426737
232,1.84623095365997856662256483173735593
233,1.84623095345494742509900083272506223
234,1.84623095325340263694342681943993159
235,1.84623095305527041269740384561729504
236,1.84623095286047882914279923386680221
237,1.84623095266895777446596487709235406
238,1.84623095248063889525565475878881659
239,1.84623095229545554526598139851335869
240,1.84623095211334273587855938490521056
241,1.84623095193423708820070286506894711
242,1.84623095175807678673913951445870264
243,1.84623095158480153459118287638566364
244,1.84623095141435251009767001658053286
245,1.84623095124667232490423651438406243
246,1.84623095108170498337966059192241269
247,1.84623095091939584334207231603540515
248,1.84623095075969157804579978905131022
249,1.84623095060254013938351139706539835
250,1.84623095044789072226011684768590863
251,1.84623095029569373009661670919069497
252,1.84623095014590074142374169700480856
253,1.84623094999846447752680183667396570
254,1.84623094985333877110467652821151902
255,1.84623094971047853590732549772455224
256,1.84623094956983973731758291322439116
257,1.84623094943137936384432452624093638
258,1.84623094929505539949536623288090240
259,1.84623094916082679699966942493600372
260,1.84623094902865345184959159211381013
261,1.84623094889849617713503789831820860
262,1.84623094877031667914243860042244456
263,1.84623094864407753369250073634211460
264,1.84623094851974216319166572485574095
265,1.84623094839727481437314612625475895
266,1.84623094827664053670431697653143284
267,1.84623094815780516143810372089120485
268,1.84623094804073528128683842770737273
269,1.84623094792539823069785378572418328
270,1.84623094781176206671084714589864296
271,1.84623094769979555037778200715182814
272,1.84623094758946812872679687095031928
273,1.84623094748074991725226773389457342
274,1.84623094737361168291381962822624855
275,1.84623094726802482762770435785720078
276,1.84623094716396137223456046158452011
277,1.84623094706139394092814606866222317
278,1.84623094696029574613018660150443087
279,1.84623094686064057379700989764324359
280,1.84623094676240276914415054646605420
281,1.84623094666555722277559512751476428
282,1.84623094657007935720481009098977723
283,1.84623094647594511375514739857776077
284,1.84623094638313093982765668925936781
285,1.84623094629161377652475168215270053
286,1.84623094620137104661858106003078262
287,1.84623094611238064285334025353315423
288,1.84623094602462091657113257589003026
289,1.84623094593807066665134708538753185
290,1.84623094585270912875386441102205507
291,1.84623094576851596485673303329681353
292,1.84623094568547125307927860964371286
293,1.84623094560355547778191498737354181
294,1.84623094552274951993422197579433731
295,1.84623094544303464774313988875575549
296,1.84623094536439250753340402037537018
297,1.84623094528680511487260746388407148
298,1.84623094521025484593353464702548347
299,1.84623094513472442908665266410171623
300,1.84623094506019693671588420761273167
301,1.84623094498665577725101299446156868
302,1.84623094491408468741029201893572066
303,1.84623094484246772464703635002569353
304,1.84623094477178925979418577882010880
305,1.84623094470203396990101927829441207
306,1.84623094463318683125639207029181779
307,1.84623094456523311259304944205870321
308,1.84623094449815836846774714050187999
309,1.84623094443194843281207783577335639
310,1.84623094436658941264906782117959903
311,1.84623094430206768197076521022993691
312,1.84623094423836987577219414714186393
313,1.84623094417548288423719664957072739
314,1.84623094411339384707182527575223344
315,1.84623094405209014798108779888408618
316,1.84623094399155940928497653400023048
317,1.84623094393178948666984348902532390
318,1.84623094387276846407130542734405994
319,1.84623094381448464868498242281988052
320,1.84623094375692656610148814402349833
321,1.84623094370008295556220175638198352
322,1.84623094364394276533245839335987828
323,1.84623094358849514818889884138659873
324,1.84623094353372945701781941587288958
325,1.84623094347963524052145988867183431
326,1.84623094342620223902926065966701253
327,1.84623094337342038041121109229318835
328,1.84623094332127977609049822942152679
329,1.84623094326977071715274964999304655
330,1.84623094321888367054924560147657514
331,1.84623094316860927539155536769718200
332,1.84623094311893833933512822986330930
333,1.84623094306986183504944392746878570
334,1.84623094302137089677239874140120181
335,1.84623094297345681694667242956664473
336,1.84623094292611104293588816860191920
337,1.84623094287932517381844227150337580
338,1.84623094283309095725694314708432355
339,1.84623094278740028644125939674584815
340,1.84623094274224519710323562462491368
341,1.84623094269761786460119131880660145
342,1.84623094265351060107237290466814438
343,1.84623094260991585265158251387711132
344,1.84623094256682619675425804001821012
345,1.84623094252423433942232943594399939
346,1.84623094248213311273122390343344504
347,1.84623094244051547225643977956467213
348,1.84623094239937449459815387541193333
349,1.84623094235870337496237097393639675
350,1.84623094231849542479716683610242846
351,1.84623094227874406948261684818389368
352,1.84623094223944284607304243017507342
353,1.84623094220058540109024615897149043
354,1.84623094216216548836644366984939118
355,1.84623094212417696693563667695005828
356,1.84623094208661379897220699291579650
357,1.84623094204947004777554503434853915
358,1.84623094201273987579955946891454903
359,1.84623094197641754272594671107296591
360,1.84623094194049740358013018372017342
361,1.84623094190497390688880900385404841
362,1.84623094186984159287808513832072824
363,1.84623094183509509171116645975576593
364,1.84623094180072912176467047521591775
365,1.84623094176673848794257997247086576
366,1.84623094173311808002692807027888192
367,1.84623094169986287106431486830730015
368,1.84623094166696791578738222176125199
369,1.84623094163442834907039701429143576
370,1.84623094160223938441811589008520774
371,1.84623094157039631248712693355053532
372,1.84623094153889449963888491313554132
373,1.84623094150772938652367807007854729
374,1.84623094147689648669478454474984380
375,1.84623094144639138525209625163350157
376,1.84623094141620973751450711550505365
377,1.84623094138634726772038131860706780
378,1.84623094135679976775543516020657714
379,1.84623094132756309590738350668764766
380,1.84623094129863317564671936388148019
381,1.84623094127000599443301065127784300
382,1.84623094124167760254611562673212116
383,1.84623094121364411194173264056277762
384,1.84623094118590169513071633758893279
385,1.84623094115844658408160578963550975
386,1.84623094113127506914582581600426792
387,1.84623094110438349800503536492281149
388,1.84623094107776827464011107434330778
389,1.84623094105142585832126697437371634
390,1.84623094102535276261882422780033949
391,1.84623094099954555443415695148367775
392,1.84623094097400085305035241035466452
393,1.84623094094871532920213556664585055
394,1.84623094092368570416461915632773916
395,1.84623094089890874886045197767384560
396,1.84623094087438128298494819955909193
397,1.84623094085010017414879164915058801
398,1.84623094082606233703791865088636696
399,1.84623094080226473259019325764718398
400,1.84623094077870436718849820588900165
401,1.84623094075537829186987418500774090
402,1.84623094073228360155034937957756641
403,1.84623094070941743426510984400886112
404,1.84623094068677697042367005425705832
405,1.84623094066435943207971127912488924
406,1.84623094064216208221526365632624113
407,1.84623094062018222403891575401300609
408,1.84623094059841720029774301532493017
409,1.84623094057686439260265426491019534
410,1.84623094055552122076686253069981641
411,1.84623094053438514215719365160434528
412,1.84623094051345365105795311350104410
413,1.84623094049272427804707823028314052
414,1.84623094047219458938430941243887119
415,1.84623094045186218641112064045009558
416,1.84623094043172470496215544903182150
417,1.84623094041177981478792094486008102
418,1.84623094039202521898849802731060274
419,1.84623094037245865345803201304878791
420,1.84623094035307788633977328193582294
421,1.84623094033388071749144300779436764
422,1.84623094031486497796070459454391390
423,1.84623094029602852947052620471136437
424,1.84623094027736926391422518899869867
425,1.84623094025888510285998993490875395
426,1.84623094024057399706467953694735101
427,1.84623094022243392599670617983253191
428,1.84623094020446289736780992825388195
429,1.84623094018665894667353985033485657
430,1.84623094016902013674225977849652499
431,1.84623094015154455729250111950496502
432,1.84623094013423032449848955000365304
433,1.84623094011707558056367587823294634
434,1.84623094010007849330210581597465383
435,1.84623094008323725572746680609291661
436,1.84623094006655008564965389537860527
437,1.84623094005001522527870022676647159
438,1.84623094003363094083592137459744168
439,1.84623094001739552217212583988615371
440,1.84623094000130728239274771715413228
441,1.84623093998536455748976066618761466
442,1.84623093996956570598023538443331956
443,1.84623093995390910855140609297058333
444,1.84623093993839316771211442602134451
445,1.84623093992301630745050208010520101
446,1.84623093990777697289782651881639176
447,1.84623093989267362999827674376220073
448,1.84623093987770476518466893890502541
449,1.84623093986286888505990453979430520
450,1.84623093984816451608407562805959540
451,1.84623093983359020426710536934315130
452,1.84623093981914451486681364892245539
453,1.84623093980482603209230022214192688
454,1.84623093979063335881254047665090936
455,1.84623093977656511627009076367377572
456,1.84623093976261994379980292614245710
457,1.84623093974879649855244946153460420
458,1.84623093973509345522316323192704462
459,1.84623093972150950578459745204272628
460,1.84623093970804335922471396888035941
461,1.84623093969469374128910956021188464
462,1.84623093968145939422779227937503709
463,1.84623093966833907654632139760760672
464,1.84623093965533156276122664969128968
465,1.84623093964243564315962411118619406
466,1.84623093962965012356294789991021477
467,1.84623093961697382509471860747649792
468,1.84623093960440558395227098025772954
469,1.84623093959194425118236512153476072
470,1.84623093957958869246060705342356571
471,1.84623093956733778787460598800035052
472,1.84623093955519043171079727572774362
473,1.84623093954314553224486147340897367
474,1.84623093953120201153567140683211733
475,1.84623093951935880522270058705529470
476,1.84623093950761486232682763058103956
477,1.84623093949596914505447290561822930
478,1.84623093948442062860500465258234645
479,1.84623093947296830098135349822656321
480,1.84623093946161116280377519142991825
481,1.84623093945034822712670289373365951
482,1.84623093943917851925863148744032775
483,1.84623093942810107658497751261451587
484,1.84623093941711494839385955734195962
485,1.84623093940621919570474505564134631
486,1.84623093939541289109991053664945489
487,1.84623093938469511855866343271125850
488,1.84623093937406497329427474144025234
489,1.84623093936352156159357263055440846
490,1.84623093935306400065914837491411284
491,1.84623093934269141845412674960821769
492,1.84623093933240295354945420330422886
493,1.84623093932219775497365883190435414
494,1.84623093931207498206503729775286125
495,1.84623093930203380432622474980635175
496,1.84623093929207340128110447742742406
497,1.84623093928219296233401508079008222
498,1.84623093927239168663121384068620077
499,1.84623093926266878292455551766661629
500,1.84623093925302346943734695580823477
501,1.84623093924345497373233839293087953
502,1.84623093923396253258181336627925055
503,1.84623093922454539183973965698243326
504,1.84623093921520280631594461797413561
505,1.84623093920593403965227888856904559
506,1.84623093919673836420073318797713854
507,1.84623093918761506090347365200075403
508,1.84623093917856341917476173789530049
509,1.84623093916958273678472553143490200
510,1.84623093916067231974494980268203646
511,1.84623093915183148219585289910835232
512,1.84623093914305954629581908560414273
513,1.84623093913435584211205569618814262
514,1.84623093912571970751314486699037906
515,1.84623093911715048806326039572658371
516,1.84623093910864753691802069617744195
517,1.84623093910021021472194946963210553
518,1.84623093909183788950751619605564131
519,1.84623093908352993659572914293327843
520,1.84623093907528573849825408301739702
521,1.84623093906710468482103238580509506
522,1.84623093905898617216937275174431250
523,1.84623093905092960405449125761097081
524,1.84623093904293439080147489322899046
525,1.84623093903499994945864426748333908
526,1.84623093902712570370829156640200685
527,1.84623093901931108377877037195215361
528,1.84623093901155552635791430528348117
529,1.84623093900385847450776199260393950
530,1.84623093899621937758056616941465716
531,1.84623093898863769113606526603984288
532,1.84623093898111287685999610777980325
533,1.84623093897364440248382685293353428
534,1.84623093896623174170568966730843113
535,1.84623093895887437411249295011186990
536,1.84623093895157178510319340104016282
537,1.84623093894432346581320849650729635
538,1.84623093893712891303995037606761023
539,1.84623093892998762916946242341992229
540,1.84623093892289912210414023190656910
541,1.84623093891586290519151893079963717
542,1.84623093890887849715410924544986920
543,1.84623093890194542202026490466118114
544,1.84623093889506320905606437846712530
545,1.84623093888823139269819028641604764
546,1.84623093888144951248778999026647554
547,1.84623093887471711300530132161720344
548,1.84623093886803374380622759064458314
549,1.84623093886139895935784638994933752
550,1.84623093885481231897683691559158278
551,1.84623093884827338676781084351700073
552,1.84623093884178173156273205896825488
553,1.84623093883533692686121082521744817
554,1.84623093882893855077165820421469380
555,1.84623093882258618595328678950630929
556,1.84623093881627941955894411854816896
557,1.84623093881001784317876532432123487
558,1.84623093880380105278463183787068736
559,1.84623093879762864867542319436071953
560,1.84623093879150023542304922970070202
561,1.84623093878541542181925017350212381
562,1.84623093877937382082315236613443892
563,1.84623093877337504950956755298678941
564,1.84623093876741872901802390342373834
565,1.84623093876150448450251713594812418
566,1.84623093875563194508197032619447563
567,1.84623093874980074379139116371464221
568,1.84623093874401051753371563205687420
569,1.84623093873826090703232729669366364
570,1.84623093873255155678424151154380882
571,1.84623093872688211501394414309702304
572,1.84623093872125223362787450184248744
573,1.84623093871566156816954238425951220
574,1.84623093871010977777526931674705054
575,1.84623093870459652513054425009018121
576,1.84623093869912147642698411407066147
577,1.84623093869368430131988983288167370
578,1.84623093868828467288638853743852905
579,1.84623093868292226758415288498935606
580,1.84623093867759676521068856150329247
581,1.84623093867230784886318115891639796
582,1.84623093866705520489889382032821045
583,1.84623093866183852289610715699098993
584,1.84623093865665749561559310697062150
585,1.84623093865151181896261450950579648
586,1.84623093864640119194944239593185774
587,1.84623093864132531665838300146554906
588,1.84623093863628389820530678229882391
589,1.84623093863127664470367172492633777
590,1.84623093862630326722903348708817347
591,1.84623093862136347978403489073944739
592,1.84623093861645699926386757771941458
593,1.84623093861158354542219861806005233
594,1.84623093860674284083755507377025002
595,1.84623093860193461088015958877977668
596,1.84623093859715858367921021024707740
597,1.84623093859241449009059776935568092
598,1.84623093858770206366505423192105509
599,1.84623093858302104061672557546774415
600,1.84623093857837115979216282812749189
601,1.84623093857375216263972501898795587
602,1.84623093856916379317938789860746295
603,1.84623093856460579797295237345968186
604,1.84623093856007792609464674596173346
605,1.84623093855557992910211686297621851
606,1.84623093855111156100779846923687439
607,1.84623093854667257825066607692290856
608,1.84623093854226273966835280834091369
609,1.84623093853788180646963574083933274
610,1.84623093853352954220728135279176611
611,1.84623093852920571275124581165140337
612,1.84623093852491008626222484978063621
613,1.84623093852064243316554815663741462
614,1.84623093851640252612541320700753103
615,1.84623093851219014001945359199981457
616,1.84623093850800505191363695606308345
617,1.84623093850384704103748777040814431
618,1.84623093849971588875963018700518048
619,1.84623093849561137856364635072445088
620,1.84623093849153329602424560462955461
621,1.84623093848748142878374006481181427
622,1.84623093848345556652882217206931869
623,1.84623093847945550096763984579584056
624,1.84623093847548102580716495730504929
625,1.84623093847153193673085092123045641
626,1.84623093846760803137657524492578612
627,1.84623093846370910931486295527861988
628,1.84623093845983497202738688257950426
629,1.84623093845598542288574085992450339
630,1.84623093845216026713048193563303560
631,1.84623093844835931185043777125480206
632,1.84623093844458236596227545455178544
633,1.84623093844082924019032803560752393
634,1.84623093843709974704667509684736852
635,1.84623093843339370081147380938454971
636,1.84623093842971091751353689924156715
637,1.84623093842605121491115406413351742
638,1.84623093842241441247315341290065272
639,1.84623093841880033136019953381763189
640,1.84623093841520879440632489059382883
641,1.84623093841163962610069127706397665
642,1.84623093840809265256957810093890979
643,1.84623093840456770155859431546754521
644,1.84623093840106460241511092449865551
645,1.84623093839758318607091093888793482
646,1.84623093839412328502505378452047338
647,1.84623093839068473332695119070006911
648,1.84623093838726736655965161489018401
649,1.84623093838387102182333030939726081
650,1.84623093838049553771898222289938995
651,1.84623093837714075433231489077853315
652,1.84623093837380651321783860120920750
653,1.84623093837049265738315109121938054
654,1.84623093836719903127341412943109092
655,1.84623093836392548075601931781126848
656,1.84623093836067185310544056842149607
657,1.84623093835743799698827065123092002
658,1.84623093835422376244843934893228762
659,1.84623093835102900089261070102062467
660,1.84623093834785356507575692850253393
661,1.84623093834469730908690662854852136
662,1.84623093834156008833506486819682850
663,1.84623093833844175953530285347306636
664,1.84623093833534218069501489296978180
665,1.84623093833226121110034036266211182
666,1.84623093832919871130274848476906632
667,1.84623093832615454310578369434798666
668,1.84623093832312856955196946580241888
669,1.84623093832012065490986844060205909
670,1.84623093831713066466129677854008553
671,1.84623093831415846548869067562563584
672,1.84623093831120392526262298602774396
673,1.84623093830826691302946796995284919
674,1.84623093830534729899921218836071108
675,1.84623093830244495453340958680847252
676,1.84623093829955975213327886878644767
677,1.84623093829669156542794125915250721
678,1.84623093829384026916279680106333243
679,1.84623093829100573918803735598542144
680,1.84623093828818785244729449785812386
681,1.84623093828538648696642051793577117
682,1.84623093828260152184240079767265223
683,1.84623093827983283723239581503751239
684,1.84623093827708031434291107648789863
685,1.84623093827434383541909330753711884
686,1.84623093827162328373415124377940047
687,1.84623093826891854357889938927396775
688,1.84623093826622950025142313928624736
689,1.84623093826355604004686369586987773
690,1.84623093826089805024732118933283269
691,1.84623093825825541911187449914579404
692,1.84623093825562803586671624167082529
693,1.84623093825301579069540143733050700
694,1.84623093825041857472920838018770073
695,1.84623093824783628003761026586022680
696,1.84623093824526879961885614879912670
697,1.84623093824271602739065981311118167
698,1.84623093824017785818099516927149350
699,1.84623093823765418771899681613521815
700,1.84623093823514491262596440973675201
701,1.84623093823264993040646950796559006
702,1.84623093823016913943956358889605468
703,1.84623093822770243897008593416066682
704,1.84623093822524972910007012458081516
705,1.84623093822281091078024786617683299
706,1.84623093822038588580164893533263534
707,1.84623093821797455678729599213178208
708,1.84623093821557682718399308391414370
709,1.84623093821319260125420663603087162
710,1.84623093821082178406803777078137687
711,1.84623093820846428149528478396212114
712,1.84623093820612000019759465975404856
713,1.84623093820378884762070249482765019
714,1.84623093820147073198675771804276151
715,1.84623093819916556228673602767788541
716,1.84623093819687324827293595664372131
717,1.84623093819459370045155902652807342
718,1.84623093819232683007537241761814405
719,1.84623093819007254913645314724707731
720,1.84623093818783077035901272082576992
721,1.84623093818560140719230126824188176
722,1.84623093818338437380359016954678868
723,1.84623093818117958507123218602542947
724,1.84623093817898695657779815730068830
725,1.84623093817680640460328929221641370
726,1.84623093817463784611842412451475089
727,1.84623093817248119877799923046888065
728,1.84623093817033638091432275734360638
729,1.84623093816820331153071990992760821
730,1.84623093816608191029510947866312930
731,1.84623093816397209753365054819718838
732,1.84623093816187379422445852491137240
733,1.84623093815978692199138962732412747
734,1.84623093815771140309789301199916256
735,1.84623093815564716044092969945282898
736,1.84623093815359411754495748397848971
737,1.84623093815155219855598103334869882
738,1.84623093814952132823566637058180312
739,1.84623093814750143195551896809524826
740,1.84623093814549243569112467106557169
741,1.84623093814349426601645269380015459
742,1.84623093814150685009821994041918182
743,1.84623093813953011569031589998881992
744,1.84623093813756399112828739344595890
745,1.84623093813560840532388243555291325
746,1.84623093813366328775965252766706970
747,1.84623093813172856848361264849286410
748,1.84623093812980417810395826267145648
749,1.84623093812789004778383867157641665
750,1.84623093812598610923618601309408934
751,1.84623093812409229471859926192116662
752,1.84623093812220853702828255710559715
753,1.84623093812033476949703723187163753
754,1.84623093811847092598630686825056563
755,1.84623093811661694088227479438683266
756,1.84623093811477274909101335284426047
757,1.84623093811293828603368436062284501
758,1.84623093811111348764179013293079633
759,1.84623093810929829035247449172037609
760,1.84623093810749263110387314227137712
761,1.84623093810569644733051285892624336
762,1.84623093810390967695875889053926900
763,1.84623093810213225840231002367756455
764,1.84623093810036413055774074345366209
765,1.84623093809860523280008992853975025
766,1.84623093809685550497849555161569826
767,1.84623093809511488741187483355837282
768,1.84623093809338332088464932299875004
769,1.84623093809166074664251437688209789
770,1.84623093808994710638825252264835683
771,1.84623093808824234227759019746010128
772,1.84623093808654639691509734270738990
773,1.84623093808485921335012937759123599
774,1.84623093808318073507281104247759987
775,1.84623093808151090601006163598029412
776,1.84623093807984967052166116299441075
777,1.84623093807819697339635691616854921
778,1.84623093807655275984801003922494286
779,1.84623093807491697551178158833387641
780,1.84623093807328956644035765686620698
781,1.84623093807167047910021310181590948
782,1.84623093807005966036791343817988078
783,1.84623093806845705752645444554919494
784,1.84623093806686261826163908075589696
785,1.84623093806527629065849124367290078
786,1.84623093806369802319770599305806288
787,1.84623093806212776475213578786566001
788,1.84623093806056546458331234660923554
789,1.84623093805901107233800371344320935
790,1.84623093805746453804480613701976344
791,1.84623093805592581211077036776207026
792,1.84623093805439484531806197290549852
793,1.84623093805287158882065529593002226
794,1.84623093805135599414106067131113920
795,1.84623093804984801316708452051507348
796,1.84623093804834759814862196404116547
797,1.84623093804685470169448157156483038
798,1.84623093804536927676924190048589725
799,1.84623093804389127669013945467908707
800,1.84623093804242065512398771835528514
801,1.84623093804095736608412691286009429
802,1.84623093803950136392740413128070165
803,1.84623093803805260335118351504393882
804,1.84623093803661103939038613089833539
805,1.84623093803517662741455922519295059
806,1.84623093803374932312497451367050089
807,1.84623093803232908255175520198674097
808,1.84623093803091586205103140219059606
809,1.84623093802950961830212363617712330
810,1.84623093802811030830475411647017517
811,1.84623093802671788937628549129403811
812,1.84623093802533231914898674995061118
813,1.84623093802395355556732599886169026
814,1.84623093802258155688528979649739478
815,1.84623093802121628166372876320671615
816,1.84623093801985768876772917580975338
817,1.84623093801850573736401026155973911
818,1.84623093801716038691834690385827534
819,1.84623093801582159719301748889667453
820,1.84623093801448932824427661228703248
821,1.84623093801316354041985237041653684
822,1.84623093801184419435646798368860949
823,1.84623093801053125097738746093711535
824,1.84623093800922467148998506624687439
825,1.84623093800792441738333831395767793
826,1.84623093800663045042584424322559025
827,1.84623093800534273266285871895893230
828,1.84623093800406122641435849894033478
829,1.84623093800278589427262584186269020
830,1.84623093800151669909995538589265592
831,1.84623093800025360402638307884841917
832,1.84623093799899657244743690779041737
833,1.84623093799774556802190920275303970
834,1.84623093799650055466965027327359899
835,1.84623093799526149656938315368843878
836,1.84623093799402835815653922928169912
837,1.84623093799280110412111452125618694
838,1.84623093799157969940554639926271756
839,1.84623093799036410920261051679051668
840,1.84623093798915429895333774417695485
841,1.84623093798795023434495088697692899
842,1.84623093798675188130882097774318900
843,1.84623093798555920601844293603653314
844,1.84623093798437217488743038736454758
845,1.84623093798319075456752943901569402
846,1.84623093798201491194665120803656486
847,1.84623093798084461414692290929956536
848,1.84623093797967982852275729795106586
849,1.84623093797852052265894027948057681
850,1.84623093797736666436873649219453562
851,1.84623093797621822169201267128607523
852,1.84623093797507516289337860893311516
853,1.84623093797393745646034552572225418
854,1.84623093797280507110150166541671888
855,1.84623093797167797574470493957802364
856,1.84623093797055613953529243520774477
857,1.84623093796943953183430661458963541
858,1.84623093796832812221673802831971825
859,1.84623093796722188046978437216962812
860,1.84623093796612077659112571505785320
861,1.84623093796502478078721572885616414
862,1.84623093796393386347158875359832511
863,1.84623093796284799526318253680235615
864,1.84623093796176714698467647728760501
865,1.84623093796069128966084521395342872
866,1.84623093795962039451692740936974719
867,1.84623093795855443297700955643058864
868,1.84623093795749337666242466354669659
869,1.84623093795643719739016565706774660
870,1.84623093795538586717131335612379934
871,1.84623093795433935820947886170460118
872,1.84623093795329764289926021949808814
873,1.84623093795226069382471320290534268
874,1.84623093795122848375783607180797799
875,1.84623093795020098565706816998876410
876,1.84623093794917817266580221118580846
877,1.84623093794816001811091011924817554
878,1.84623093794714649550128227632230547
879,1.84623093794613757852638005429922967
880,1.84623093794513324105480148062729203
881,1.84623093794413345713285991293069172
882,1.84623093794313820098317558488355584
883,1.84623093794214744700327989985220526
884,1.84623093794116116976423233224806740
885,1.84623093794017934400924981569167533
886,1.84623093793920194465234849173860904
887,1.84623093793822894677699768801214134
888,1.84623093793726032563478600916823607
889,1.84623093793629605664409941245480474
890,1.84623093793533611538881115022481716
891,1.84623093793438047761698345726616175
892,1.84623093793342911923958086847325511
893,1.84623093793248201632919504548958605
894,1.84623093793153914511878099793874751
895,1.84623093793060048200040458633444961
896,1.84623093792966600352400119474673150
897,1.84623093792873568639614545373926297
898,1.84623093792780950747883191235494922
899,1.84623093792688744378826654493189137
900,1.84623093792596947249366898525447195
901,1.84623093792505557091608537831705122
902,1.84623093792414571652721175141214715
903,1.84623093792323988694822779177456353
904,1.84623093792233805994864093170775104
905,1.84623093792144021344514063655410662
906,1.84623093792054632550046279693871960
907,1.84623093791965637432226412383664615
908,1.84623093791877033826200644384283408
909,1.84623093791788819581385080707612192
910,1.84623093791700992561356129586483494
911,1.84623093791613550643741845226622440
912,1.84623093791526491720114222316150894
913,1.84623093791439813695882432661650115
914,1.84623093791353514490186995414266051
915,1.84623093791267592035794871199694180
916,1.84623093791182044278995470990075065
917,1.84623093791096869179497571508538028
918,1.84623093791012064710327127121539925
919,1.84623093790927628857725970566856708
920,1.84623093790843559621051393196721669
921,1.84623093790759855012676596130632881
922,1.84623093790676513057892004349001265
923,1.84623093790593531794807434685998781
924,1.84623093790510909274255109965005876
925,1.84623093790428643559693510634460636
926,1.84623093790346732727112055879826016
927,1.84623093790265174864936606581212707
928,1.84623093790183968073935781238892582
929,1.84623093790103110467128078195192556
930,1.84623093790022600169689795393804161
931,1.84623093789942435318863740252328023
932,1.84623093789862614063868722339725194
933,1.84623093789783134565809820824785163
934,1.84623093789703994997589419887014637
935,1.84623093789625193543819003699856889
936,1.84623093789546728400731704857614342
937,1.84623093789468597776095598219775558
938,1.84623093789390799889127733279611346
939,1.84623093789313332970408898062844193
940,1.84623093789236195261799107297738530
941,1.84623093789159385016353808438529690
942,1.84623093789082900498240798009146817
943,1.84623093789006739982657842071973240
944,1.84623093788930901755750994133391133
945,1.84623093788855384114533602958959233
946,1.84623093788780185366806005220686467
947,1.84623093788705303831075894991634856
948,1.84623093788630737836479364816320018
949,1.84623093788556485722702611248686944
950,1.84623093788482545839904298968610515
951,1.84623093788408916548638577117813021
952,1.84623093788335596219778741752780813
953,1.84623093788262583234441538160865601
954,1.84623093788189875983912097256361972
955,1.84623093788117472869569499922086824
956,1.84623093788045372302812963321628493
957,1.84623093787973572704988643681932773
958,1.84623093787902072507317049346609518
959,1.84623093787830870150821058648217160
960,1.84623093787759964086254536805608935
961,1.84623093787689352774031546334314862
962,1.84623093787619034684156145398776164
963,1.84623093787549008296152768568283665
964,1.84623093787479272098997184610746516
965,1.84623093787409824591048025774483211
966,1.84623093787340664279978883664874681
967,1.84623093787271789682710965931567549
968,1.84623093787203199325346308833175332
969,1.84623093787134891743101540689646860
970,1.84623093787066865480242190646970440
971,1.84623093786999119090017538172080734
972,1.84623093786931651134595997909574272
973,1.84623093786864460185001035190730026
974,1.84623093786797544821047607413524701
975,1.84623093786730903631279125935229827
976,1.84623093786664535212904934263696933
977,1.84623093786598438171738297506089735
978,1.84623093786532611122134898287337043
979,1.84623093786467052686931834753482875
980,1.84623093786401761497387115986532038
981,1.84623093786336736193119649841226261
982,1.84623093786271975422049719505523436
983,1.84623093786207477840339943666130047
984,1.84623093786143242112336715975752467
985,1.84623093786079266910512119747770467
986,1.84623093786015550915406313202049579
987,1.84623093785952092815570381129871032
988,1.84623093785888891307509648694906057
989,1.84623093785825945095627453365041028
990,1.84623093785763252892169370264331079
991,1.84623093785700813417167887681106739
992,1.84623093785638625398387527812146952
993,1.84623093785576687571270409271025970
994,1.84623093785514998678882247152936638
995,1.84623093785453557471858786544029289
996,1.84623093785392362708352666146588921
997,1.84623093785331413153980707299737304
998,1.84623093785270707581771625281813334
999,1.84623093785210244772114158770651924
1000,1.84623093785150023512705613738993700
1001,1.84623093785090042598500817916066494
1002,1.84623093785030300831661482647828428
1003,1.84623093784970797021505967779462383
1004,1.84623093784911529984459446623216394
1005,1.84623093784852498544004466906944531
1006,1.84623093784793701530631904460037171
1007,1.84623093784735137781792306162300019
1008,1.84623093784676806141847618473915449
1009,1.84623093784618705462023298192181868
1010,1.84623093784560834600360802178490439
1011,1.84623093784503192421670452550856473
1012,1.84623093784445777797484673871933672
1013,1.84623093784388589606011599456035530
1014,1.84623093784331626732089042832692941
1015,1.84623093784274888067138832239448063
1016,1.84623093784218372509121503298790966
1017,1.84623093784162078962491348739379078
1018,1.84623093784106006338151819852096992
1019,1.84623093784050153553411278533074321
1020,1.84623093783994519531939095505623482
1021,1.84623093783939103203722092091274377
1022,1.84623093783883903505021322793223705
1023,1.84623093783828919378329195077682940
1024,1.84623093783774149772326924258215947
1025,1.84623093783719593641842319443175589
1026,1.84623093783665249947807898633665918
1027,1.84623093783611117657219329635973434
1028,1.84623093783557195743094193881602892
1029,1.84623093783503483184431070561486263
1030,1.84623093783449978966168938190319267
1031,1.84623093783396682079146890586500841
1032,1.84623093783343591520064165112655519
1033,1.84623093783290706291440479810443451
1034,1.84623093783238025401576677159825421
1035,1.84623093783185547864515671673156049
1036,1.84623093783133272700003698652629067
1037,1.84623093783081198933451861554265068
1038,1.84623093783029325595897975397067564
1039,1.84623093782977651723968703547197616
1040,1.84623093782926176359841985481494069
1041,1.84623093782874898551209752830520460
1042,1.84623093782823817351240931474234732
1043,1.84623093782772931818544726967353111
1044,1.84623093782722241017134191071957453
1045,1.84623093782671744016390066770247426
1046,1.84623093782621439891024909446986066
1047,1.84623093782571327721047482107322919
1048,1.84623093782521406591727421804713255
1049,1.84623093782471675593560175345639621
1050,1.84623093782422133822232201819591111
1051,1.84623093782372780378586439706517524
1052,1.84623093782323614368588036253542080
1053,1.84623093782274634903290336833933619
1054,1.84623093782225841098801132328400866
1055,1.84623093782177232076249161953392187
1056,1.84623093782128806961750869758472876
1057,1.84623093782080564886377412241023394
1058,1.84623093782032504986121915232397883
1059,1.84623093781984626401866977879420956
1060,1.84623093781936928279352421466736129
1061,1.84623093781889409769143281306116956
1062,1.84623093781842070026598039310682788
1063,1.84623093781794908211837095384640720
1064,1.84623093781747923489711475676434316
1065,1.84623093781701115029771775612726713
1066,1.84623093781654482006237335585898461
1067,1.84623093781608023597965647617347367
1068,1.84623093781561738988421990872071246
1069,1.84623093781515627365649294264520869
1070,1.84623093781469687922238223803378902
1071,1.84623093781423919855297493551821689
1072,1.84623093781378322366424397523831285
1073,1.84623093781332894661675561232302747
1074,1.84623093781287635951537910807958995
1075,1.84623093781242545450899857897707981
1076,1.84623093781197622379022698492464855
1077,1.84623093781152865959512224130505772
1078,1.84623093781108275420290543346438000
1079,1.84623093781063849993568111926811975
1080,1.84623093781019588915815970107105060
1081,1.84623093780975491427738184806302907
1082,1.84623093780931556774244495742720949
1083,1.84623093780887784204423162968132356
1084,1.84623093780844172971514014920584030
1085,1.84623093780800722332881694700413552
1086,1.84623093780757431549989103353697253
1087,1.84623093780714299888371038334783454
1088,1.84623093780671326617608025616936242
1089,1.84623093780628511011300343730611944
1090,1.84623093780585852347042238299938077
1091,1.84623093780543349906396325502635398
1092,1.84623093780501002974868182673991035
1093,1.84623093780458810841881124822660688
1094,1.84623093780416772800751165363851506
1095,1.84623093780374888148662159441984469
1096,1.84623093780333156186641128743654283
1097,1.84623093780291576219533765754626684
1098,1.84623093780250147555980116556844508
1099,1.84623093780208869508390440230771503
1100,1.84623093780167741392921243757693773
1101,1.84623093780126762529451490829967256
1102,1.84623093780085932241558983119087364
1103,1.84623093780045249856496912769380967
1104,1.84623093780004714705170584455697093
1105,1.84623093779964326122114305973846142
1106,1.84623093779924083445468445596400813
1107,1.84623093779883986016956655193037831
1108,1.84623093779844033181863257541460485
1109,1.84623093779804224289010796636044319
1110,1.84623093779764558690737749555722572
1111,1.84623093779725035742876398630302433
1112,1.84623093779685654804730862797036173
1113,1.84623093779646415239055286367363733
1114,1.84623093779607316412032184546478397
1115,1.84623093779568357693250943973090337
1116,1.84623093779529538455686477390089251
1117,1.84623093779490858075678030800473280
1118,1.84623093779452315932908142104398403
1119,1.84623093779413911410381750374997006
1120,1.84623093779375643894405453610316078
1121,1.84623093779337512774566914829189642
1122,1.84623093779299517443714414625068161
1123,1.84623093779261657297936549226159761
1124,1.84623093779223931736542072935176628
1125,1.84623093779186340162039883791053897
1126,1.84623093779148881980119151091757860
1127,1.84623093779111556599629584099106962
1128,1.84623093779074363432561840296194544
1129,1.84623093779037301894028072457974576
1130,1.84623093779000371402242613180605536
1131,1.84623093778963571378502796037974230
1132,1.84623093778926901247169911887375202
1133,1.84623093778890360435650299820749140
1134,1.84623093778853948374376571030687237
1135,1.84623093778817664496788965104864047
1136,1.84623093778781508239316837370190437
1137,1.84623093778745479041360276439224317
1138,1.84623093778709576345271850699279870
1139,1.84623093778673799596338482955536503
1140,1.84623093778638148242763452195023279
1141,1.84623093778602621735648521208992231
1142,1.84623093778567219528976189576386492
1143,1.84623093778531941079592070379359361
1144,1.84623093778496785847187390328239512
1145,1.84623093778461753294281611834426046
1146,1.84623093778426842886205176329359447
1147,1.84623093778392054091082367844952865
1148,1.84623093778357386379814295756660563
1149,1.84623093778322839226061996070576402
1150,1.84623093778288412106229650016621501
1151,1.84623093778254104499447919127933323
1152,1.84623093778219915887557396014525553
1153,1.84623093778185845755092169814837761
1154,1.84623093778151893589263505367640628
1155,1.84623093778118058879943635478666642
1156,1.84623093778084341119649665055244982
1157,1.84623093778050739803527586495989304
1158,1.84623093778017254429336405457173924
1159,1.84623093777983884497432375880236425
1160,1.84623093777950629510753343839672781
1161,1.84623093777917488974803199020973866
1162,1.84623093777884462397636433281517368
1163,1.84623093777851549289842804999384743
1164,1.84623093777818749164532109106322175
1165,1.84623093777786061537319051291907464
1166,1.84623093777753485926308226129440521
1167,1.84623093777721021852079197697390065
1168,1.84623093777688668837671682749433536
1169,1.84623093777656426408570834773258860
1170,1.84623093777624294092692628776956141
1171,1.84623093777592271420369345870540213
1172,1.84623093777560357924335156514957221
1173,1.84623093777528553139711802406553069
1174,1.84623093777496856603994375397676930
1175,1.84623093777465267857037193630679423
1176,1.84623093777433786441039773104968003
1177,1.84623093777402411900532894936290754
1178,1.84623093777371143782364766941140206
1179,1.84623093777339981635687279000017742
1180,1.84623093777308925011942351587520416
1181,1.84623093777277973464848376604289598
1182,1.84623093777247126550386750000448045
1183,1.84623093777216383826788495261631766
1184,1.84623093777185744854520977168386537
1185,1.84623093777155209196274705288012584
1186,1.84623093777124776416950226258032169
1187,1.84623093777094446083645104383998675
1188,1.84623093777064217765640989863905014
1189,1.84623093777034091034390773719257229
1190,1.84623093777004065463505829345838926
1191,1.84623093776974140628743339244753394
1192,1.84623093776944316107993707176211442
1193,1.84623093776914591481268054252296212
1194,1.84623093776884966330685798867820575
1195,1.84623093776855440240462319811554143
1196,1.84623093776826012796896701586782086
1197,1.84623093776796683588359561758183614
1198,1.84623093776767452205280959272650341
1199,1.84623093776738318240138383682386911
1200,1.84623093776709281287444824021632793
1201,1.84623093776680340943736917349116315
1202,1.84623093776651496807563175864866497
1203,1.84623093776622748479472292438364087
1204,1.84623093776594095562001523676208707
1205,1.84623093776565537659665149880451952
1206,1.84623093776537074378943011805820053
1207,1.84623093776508705328269123019628213
1208,1.84623093776480430118020357791046583
1209,1.84623093776452248360505213548073841
1210,1.84623093776424159669952647874690949
1211,1.84623093776396163662500988840174937
1212,1.84623093776368259956186918686528391
1213,1.84623093776340448170934529925987157
1214,1.84623093776312727928544453653028723
1215,1.84623093776285098852683059277351511
1216,1.84623093776257560568871725139934905
1217,1.84623093776230112704476179821231480
1218,1.84623093776202754888695913155376130
1219,1.84623093776175486752553656833756010
1220,1.84623093776148307928884933786430254
1221,1.84623093776121218052327676081975810
1222,1.84623093776094216759311910673290539
1223,1.84623093776067303688049512470483380
1224,1.84623093776040478478524024456922359
1225,1.84623093776013740772480544198988228
1226,1.84623093775987090213415676099149602
1227,1.84623093775960526446567549354532340
1228,1.84623093775934049118905900681187362
1229,1.84623093775907657879122221638992946
1230,1.84623093775881352377619969961444805
1231,1.84623093775855132266504844349442693
1232,1.84623093775828997199575122457061152
1233,1.84623093775802946832312061426402752
1234,1.84623093775776980821870360716909619
1235,1.84623093775751098827068686453625175
1236,1.84623093775725300508380257157331887
1237,1.84623093775699585527923490438998484
1238,1.84623093775673953549452709738035329
1239,1.84623093775648404238348911285184298
1240,1.84623093775622937261610590538655922
1241,1.84623093775597552287844627594049829
1242,1.84623093775572248987257231219845689
1243,1.84623093775547027031644941353665261
1244,1.84623093775521886094385689112811335
1245,1.84623093775496825850429914346759980
1246,1.84623093775471845976291740245986158
1247,1.84623093775446946150040204217265866
1248,1.84623093775422126051290545293853050
1249,1.84623093775397385361195546990275665
1250,1.84623093775372723762436935633461721
1251,1.84623093775348140939216833697696686
1252,1.84623093775323636577249267592254505
1253,1.84623093775299210363751729608999632
1254,1.84623093775274861987436793810245170
1255,1.84623093775250591138503785114010253
1256,1.84623093775226397508630501460701167
1257,1.84623093775202280790964988679624597
1258,1.84623093775178240680117367497422912
1259,1.84623093775154276872151712568787326
1260,1.84623093775130389064577982768399274
1261,1.84623093775106576956344002961298459
1262,1.84623093775082840247827496267125755
1263,1.84623093775059178640828166946710919
1264,1.84623093775035591838559833132975474
1265,1.84623093775012079545642609549374321
1266,1.84623093774988641468095139308500667
1267,1.84623093774965277313326874837277926
1268,1.84623093774941986790130407476297966
1269,1.84623093774918769608673845342481652
1270,1.84623093774895625480493239170797090
1271,1.84623093774872554118485055740855112
1272,1.84623093774849555236898698662843816
1273,1.84623093774826628551329076118850254
1274,1.84623093774803773778709215225782454
1275,1.84623093774780990637302922482095610
1276,1.84623093774758278846697490646077864
1277,1.84623093774735638127796450765491199
1278,1.84623093774713068202812369914847152
1279,1.84623093774690568795259693562692739
1280,1.84623093774668139629947633152287497
1281,1.84623093774645780432973097487698409
1282,1.84623093774623490931713668520276032
1283,1.84623093774601270854820620904691621
1284,1.84623093774579119932211984837627780
1285,1.84623093774557037895065652109142670
1286,1.84623093774535024475812525124867650
1287,1.84623093774513079408129708269889910
1288,1.84623093774491202426933741574441821
1289,1.84623093774469393268373876494473915
1290,1.84623093774447651669825393176856917
1291,1.84623093774425977369882959134813258
1292,1.84623093774404370108354029030794147
1293,1.84623093774382829626252285254576216
1294,1.84623093774361355665791119033449227
1295,1.84623093774339947970377151695280280
1296,1.84623093774318606284603795985194608
1297,1.84623093774297330354244856991618781
1298,1.84623093774276119926248172558973460
1299,1.84623093774254974748729292639923766
1300,1.84623093774233894570965197717962155
1301,1.84623093774212879143388055815842262
1302,1.84623093774191928217579017527099886
1303,1.84623093774171041546262049525068453
1304,1.84623093774150218883297805598007331
1305,1.84623093774129459983677535240817251
1306,1.84623093774108764603517029650291399
1307,1.84623093774088132500050604684772977
1308,1.84623093774067563431625120440430217
1309,1.84623093774047057157694037593560189
1310,1.84623093774026613438811509874350955
1311,1.84623093774006232036626512482110488
1312,1.84623093773985912713877006464127350
1313,1.84623093773965655234384138367520397
1314,1.84623093773945459363046475499434442
1315,1.84623093773925324865834275891679591
1316,1.84623093773905251509783793128823225
1317,1.84623093773885239062991616117126902
1318,1.84623093773865287294609042559192118
1319,1.84623093773845395974836487044167075
1320,1.84623093773825564874917922665625700
1321,1.84623093773805793767135356545496840
1322,1.84623093773786082424803338444833649
1323,1.84623093773766430622263502815081609
1324,1.84623093773746838134879143695845941
1325,1.84623093773727304739029822287779183
1326,1.84623093773707830212106007117999154
1327,1.84623093773688414332503746406462370
1328,1.84623093773669056879619372630332723
1329,1.84623093773649757633844238669374118
1330,1.84623093773630516376559485988671487
1331,1.84623093773611332890130843803751265
1332,1.84623093773592206957903459760579712
1333,1.84623093773573138364196761424907677
1334,1.84623093773554126894299348739248827
1335,1.84623093773535172334463916897019926
1336,1.84623093773516274471902209678274609
1337,1.84623093773497433094780002891377395
1338,1.84623093773478647992212117800963114
1339,1.84623093773459918954257464438703668
1340,1.84623093773441245771914114257927932
1341,1.84623093773422628237114402320791943
1342,1.84623093773404066142720058664701313
1343,1.84623093773385559282517368450851612
1344,1.84623093773367107451212361210609860
1345,1.84623093773348710444426028326403992
1346,1.84623093773330368058689569232742291
1347,1.84623093773312080091439665580407725
1348,1.84623093773293846341013783533905675
1349,1.84623093773275666606645503898024367
1350,1.84623093773257540688459879919653937
1351,1.84623093773239468387468822509604104
1352,1.84623093773221449505566512630079585
1353,1.84623093773203483845524841026371613
1354,1.84623093773185571210988874764606077
1355,1.84623093773167711406472350423843277
1356,1.84623093773149904237353193992472060
1357,1.84623093773132149509869067006881773
1358,1.84623093773114447031112939086074814
1359,1.84623093773096796609028686353493221
2000,1.84623093767617214473312046516422912
2500,1.84623093766394505855256959925448649
3000,1.84623093765854003942925048319848474
3500,1.84623093765579087735173955727344244
4000,1.84623093765424745348614182658936991
4500,1.84623093765331497549257234719669506
6000,1.84623093765204297406313320586063826
7000,1.84623093765169927591624393179351945
8000,1.84623093765150632225316901684968663
9000,1.84623093765138974883278240170775961
10000,1.84623093765131520967594916235360147
